"filename", "language", "TypeScript", "TypeScript JSX", "JSON", "HTML", "XML", "PostCSS", "Markdown", "JavaScript", "YAML", "Log", "JSON with Comments", "Ini", "PowerShell", "MS SQL", "Dotenv", "comment", "blank", "total"
"c:\Users\dale9\Downloads\QuoteVaultPro\client\index.html", "HTML", 0, 0, 0, 28, 0, 0, 0, 0, 0, 0, 0, 0, 0, 0, 0, 0, 1, 29
"c:\Users\dale9\Downloads\QuoteVaultPro\client\jest.config.js", "JavaScript", 0, 0, 0, 0, 0, 0, 0, 41, 0, 0, 0, 0, 0, 0, 0, 12, 10, 63
"c:\Users\dale9\Downloads\QuoteVaultPro\client\public\branding\favicon.svg", "XML", 0, 0, 0, 0, 38, 0, 0, 0, 0, 0, 0, 0, 0, 0, 0, 0, 0, 38
"c:\Users\dale9\Downloads\QuoteVaultPro\client\public\branding\shield-logo.svg", "XML", 0, 0, 0, 0, 41, 0, 0, 0, 0, 0, 0, 0, 0, 0, 0, 1, 1, 43
"c:\Users\dale9\Downloads\QuoteVaultPro\client\public\branding\site.webmanifest", "JSON", 0, 0, 21, 0, 0, 0, 0, 0, 0, 0, 0, 0, 0, 0, 0, 0, 1, 22
"c:\Users\dale9\Downloads\QuoteVaultPro\client\src\App.tsx", "TypeScript JSX", 0, 275, 0, 0, 0, 0, 0, 0, 0, 0, 0, 0, 0, 0, 0, 38, 37, 350
"c:\Users\dale9\Downloads\QuoteVaultPro\client\src\components\AdjustInventoryForm.tsx", "TypeScript JSX", 0, 147, 0, 0, 0, 0, 0, 0, 0, 0, 0, 0, 0, 0, 0, 0, 10, 157
"c:\Users\dale9\Downloads\QuoteVaultPro\client\src\components\AttachmentPreviewMeta.tsx", "TypeScript JSX", 0, 17, 0, 0, 0, 0, 0, 0, 0, 0, 0, 0, 0, 0, 0, 6, 7, 30
"c:\Users\dale9\Downloads\QuoteVaultPro\client\src\components\AttachmentViewerDialog.tsx", "TypeScript JSX", 0, 1017, 0, 0, 0, 0, 0, 0, 0, 0, 0, 0, 0, 0, 0, 6, 94, 1117
"c:\Users\dale9\Downloads\QuoteVaultPro\client\src\components\AttachmentsPanel.tsx", "TypeScript JSX", 0, 376, 0, 0, 0, 0, 0, 0, 0, 0, 0, 0, 0, 0, 0, 18, 48, 442
"c:\Users\dale9\Downloads\QuoteVaultPro\client\src\components\BackNavControls.tsx", "TypeScript JSX", 0, 42, 0, 0, 0, 0, 0, 0, 0, 0, 0, 0, 0, 0, 0, 0, 5, 47
"c:\Users\dale9\Downloads\QuoteVaultPro\client\src\components\ColumnConfigModal.tsx", "TypeScript JSX", 0, 104, 0, 0, 0, 0, 0, 0, 0, 0, 0, 0, 0, 0, 0, 0, 13, 117
"c:\Users\dale9\Downloads\QuoteVaultPro\client\src\components\ConfigError.tsx", "TypeScript JSX", 0, 66, 0, 0, 0, 0, 0, 0, 0, 0, 0, 0, 0, 0, 0, 4, 8, 78
"c:\Users\dale9\Downloads\QuoteVaultPro\client\src\components\ContactFlagPill.tsx", "TypeScript JSX", 0, 51, 0, 0, 0, 0, 0, 0, 0, 0, 0, 0, 0, 0, 0, 9, 6, 66
"c:\Users\dale9\Downloads\QuoteVaultPro\client\src\components\CustomerDetailPanel.tsx", "TypeScript JSX", 0, 757, 0, 0, 0, 0, 0, 0, 0, 0, 0, 0, 0, 0, 0, 11, 44, 812
"c:\Users\dale9\Downloads\QuoteVaultPro\client\src\components\CustomerList.tsx", "TypeScript JSX", 0, 272, 0, 0, 0, 0, 0, 0, 0, 0, 0, 0, 0, 0, 0, 7, 18, 297
"c:\Users\dale9\Downloads\QuoteVaultPro\client\src\components\CustomerSelect.tsx", "TypeScript JSX", 0, 223, 0, 0, 0, 0, 0, 0, 0, 0, 0, 0, 0, 0, 0, 17, 24, 264
"c:\Users\dale9\Downloads\QuoteVaultPro\client\src\components\DestructiveActionModal.tsx", "TypeScript JSX", 0, 116, 0, 0, 0, 0, 0, 0, 0, 0, 0, 0, 0, 0, 0, 3, 11, 130
"c:\Users\dale9\Downloads\QuoteVaultPro\client\src\components\DocumentMetaCard.tsx", "TypeScript JSX", 0, 17, 0, 0, 0, 0, 0, 0, 0, 0, 0, 0, 0, 0, 0, 0, 4, 21
"c:\Users\dale9\Downloads\QuoteVaultPro\client\src\components\FormulaEditor.tsx", "TypeScript JSX", 0, 178, 0, 0, 0, 0, 0, 0, 0, 0, 0, 0, 0, 0, 0, 4, 20, 202
"c:\Users\dale9\Downloads\QuoteVaultPro\client\src\components\FulfillmentShippingPanel.tsx", "TypeScript JSX", 0, 261, 0, 0, 0, 0, 0, 0, 0, 0, 0, 0, 0, 0, 0, 11, 12, 284
"c:\Users\dale9\Downloads\QuoteVaultPro\client\src\components\FulfillmentStatusBadge.tsx", "TypeScript JSX", 0, 43, 0, 0, 0, 0, 0, 0, 0, 0, 0, 0, 0, 0, 0, 0, 5, 48
"c:\Users\dale9\Downloads\QuoteVaultPro\client\src\components\LargeFileLocalDevWarningDialog.tsx", "TypeScript JSX", 0, 33, 0, 0, 0, 0, 0, 0, 0, 0, 0, 0, 0, 0, 0, 0, 3, 36
"c:\Users\dale9\Downloads\QuoteVaultPro\client\src\components\LineItemAttachmentsPanel.tsx", "TypeScript JSX", 0, 879, 0, 0, 0, 0, 0, 0, 0, 0, 0, 0, 0, 0, 0, 76, 90, 1045
"c:\Users\dale9\Downloads\QuoteVaultPro\client\src\components\LineItemThumbnail.tsx", "TypeScript JSX", 0, 128, 0, 0, 0, 0, 0, 0, 0, 0, 0, 0, 0, 0, 0, 18, 13, 159
"c:\Users\dale9\Downloads\QuoteVaultPro\client\src\components\LowStockBadge.tsx", "TypeScript JSX", 0, 5, 0, 0, 0, 0, 0, 0, 0, 0, 0, 0, 0, 0, 0, 0, 2, 7
"c:\Users\dale9\Downloads\QuoteVaultPro\client\src\components\MaterialForm.tsx", "TypeScript JSX", 0, 754, 0, 0, 0, 0, 0, 0, 0, 0, 0, 0, 0, 0, 0, 24, 32, 810
"c:\Users\dale9\Downloads\QuoteVaultPro\client\src\components\OrderArtworkPanel.tsx", "TypeScript JSX", 0, 498, 0, 0, 0, 0, 0, 0, 0, 0, 0, 0, 0, 0, 0, 7, 39, 544
"c:\Users\dale9\Downloads\QuoteVaultPro\client\src\components\OrderAttachmentsPanel.tsx", "TypeScript JSX", 0, 504, 0, 0, 0, 0, 0, 0, 0, 0, 0, 0, 0, 0, 0, 20, 59, 583
"c:\Users\dale9\Downloads\QuoteVaultPro\client\src\components\OrderStateBadge.tsx", "TypeScript JSX", 0, 16, 0, 0, 0, 0, 0, 0, 0, 0, 0, 0, 0, 0, 0, 5, 5, 26
"c:\Users\dale9\Downloads\QuoteVaultPro\client\src\components\OrderStatusPillSelector.tsx", "TypeScript JSX", 0, 79, 0, 0, 0, 0, 0, 0, 0, 0, 0, 0, 0, 0, 0, 6, 8, 93
"c:\Users\dale9\Downloads\QuoteVaultPro\client\src\components\OrgSwitcher.tsx", "TypeScript JSX", 0, 77, 0, 0, 0, 0, 0, 0, 0, 0, 0, 0, 0, 0, 0, 7, 9, 93
"c:\Users\dale9\Downloads\QuoteVaultPro\client\src\components\PBV2ProductBuilderSectionV2.tsx", "TypeScript JSX", 0, 1315, 0, 0, 0, 0, 0, 0, 0, 0, 0, 0, 0, 0, 0, 115, 172, 1602
"c:\Users\dale9\Downloads\QuoteVaultPro\client\src\components\PackingSlipModal.tsx", "TypeScript JSX", 0, 47, 0, 0, 0, 0, 0, 0, 0, 0, 0, 0, 0, 0, 0, 2, 6, 55
"c:\Users\dale9\Downloads\QuoteVaultPro\client\src\components\PlaceholderPage.tsx", "TypeScript JSX", 0, 88, 0, 0, 0, 0, 0, 0, 0, 0, 0, 0, 0, 0, 0, 0, 10, 98
"c:\Users\dale9\Downloads\QuoteVaultPro\client\src\components\ProductForm.tsx", "TypeScript JSX", 0, 1000, 0, 0, 0, 0, 0, 0, 0, 0, 0, 0, 0, 0, 0, 33, 58, 1091
"c:\Users\dale9\Downloads\QuoteVaultPro\client\src\components\ProductOptionsPanelV2_Mvp.tsx", "TypeScript JSX", 0, 711, 0, 0, 0, 0, 0, 0, 0, 0, 0, 0, 0, 0, 0, 60, 63, 834
"c:\Users\dale9\Downloads\QuoteVaultPro\client\src\components\ProductSimulator.tsx", "TypeScript JSX", 0, 284, 0, 0, 0, 0, 0, 0, 0, 0, 0, 0, 0, 0, 0, 5, 33, 322
"c:\Users\dale9\Downloads\QuoteVaultPro\client\src\components\PurchaseOrderForm.tsx", "TypeScript JSX", 0, 175, 0, 0, 0, 0, 0, 0, 0, 0, 0, 0, 0, 0, 0, 0, 12, 187
"c:\Users\dale9\Downloads\QuoteVaultPro\client\src\components\QuoteAttachmentsPanel.tsx", "TypeScript JSX", 0, 459, 0, 0, 0, 0, 0, 0, 0, 0, 0, 0, 0, 0, 0, 15, 54, 528
"c:\Users\dale9\Downloads\QuoteVaultPro\client\src\components\QuoteWorkflowActions.tsx", "TypeScript JSX", 0, 290, 0, 0, 0, 0, 0, 0, 0, 0, 0, 0, 0, 0, 0, 18, 34, 342
"c:\Users\dale9\Downloads\QuoteVaultPro\client\src\components\QuoteWorkflowBadge.tsx", "TypeScript JSX", 0, 19, 0, 0, 0, 0, 0, 0, 0, 0, 0, 0, 0, 0, 0, 4, 5, 28
"c:\Users\dale9\Downloads\QuoteVaultPro\client\src\components\ReceiveMaterialReorderDialog.tsx", "TypeScript JSX", 0, 69, 0, 0, 0, 0, 0, 0, 0, 0, 0, 0, 0, 0, 0, 0, 7, 76
"c:\Users\dale9\Downloads\QuoteVaultPro\client\src\components\ReceivePurchaseOrderItemsForm.tsx", "TypeScript JSX", 0, 67, 0, 0, 0, 0, 0, 0, 0, 0, 0, 0, 0, 0, 0, 0, 5, 72
"c:\Users\dale9\Downloads\QuoteVaultPro\client\src\components\RequestMaterialReorderDialog.tsx", "TypeScript JSX", 0, 98, 0, 0, 0, 0, 0, 0, 0, 0, 0, 0, 0, 0, 0, 0, 9, 107
"c:\Users\dale9\Downloads\QuoteVaultPro\client\src\components\ShipmentForm.tsx", "TypeScript JSX", 0, 257, 0, 0, 0, 0, 0, 0, 0, 0, 0, 0, 0, 0, 0, 7, 19, 283
"c:\Users\dale9\Downloads\QuoteVaultPro\client\src\components\ShippingPanel.tsx", "TypeScript JSX", 0, 83, 0, 0, 0, 0, 0, 0, 0, 0, 0, 0, 0, 0, 0, 8, 6, 97
"c:\Users\dale9\Downloads\QuoteVaultPro\client\src\components\SplitWorkspace.tsx", "TypeScript JSX", 0, 66, 0, 0, 0, 0, 0, 0, 0, 0, 0, 0, 0, 0, 0, 0, 10, 76
"c:\Users\dale9\Downloads\QuoteVaultPro\client\src\components\StateTransitionButtons.tsx", "TypeScript JSX", 0, 373, 0, 0, 0, 0, 0, 0, 0, 0, 0, 0, 0, 0, 0, 8, 43, 424
"c:\Users\dale9\Downloads\QuoteVaultPro\client\src\components\ThemeToggle.tsx", "TypeScript JSX", 0, 47, 0, 0, 0, 0, 0, 0, 0, 0, 0, 0, 0, 0, 0, 0, 4, 51
"c:\Users\dale9\Downloads\QuoteVaultPro\client\src\components\TimelinePanel.module.css", "PostCSS", 0, 0, 0, 0, 0, 6, 0, 0, 0, 0, 0, 0, 0, 0, 0, 0, 1, 7
"c:\Users\dale9\Downloads\QuoteVaultPro\client\src\components\TimelinePanel.tsx", "TypeScript JSX", 0, 235, 0, 0, 0, 0, 0, 0, 0, 0, 0, 0, 0, 0, 0, 1, 36, 272
"c:\Users\dale9\Downloads\QuoteVaultPro\client\src\components\VendorForm.tsx", "TypeScript JSX", 0, 225, 0, 0, 0, 0, 0, 0, 0, 0, 0, 0, 0, 0, 0, 0, 14, 239
"c:\Users\dale9\Downloads\QuoteVaultPro\client\src\components\ViewAllAttachmentsDialog.tsx", "TypeScript JSX", 0, 591, 0, 0, 0, 0, 0, 0, 0, 0, 0, 0, 0, 0, 0, 16, 43, 650
"c:\Users\dale9\Downloads\QuoteVaultPro\client\src\components\VoidQuoteDialog.tsx", "TypeScript JSX", 0, 115, 0, 0, 0, 0, 0, 0, 0, 0, 0, 0, 0, 0, 0, 3, 11, 129
"c:\Users\dale9\Downloads\QuoteVaultPro\client\src\components\admin-dashboard.tsx", "TypeScript JSX", 0, 387, 0, 0, 0, 0, 0, 0, 0, 0, 0, 0, 0, 0, 0, 3, 31, 421
"c:\Users\dale9\Downloads\QuoteVaultPro\client\src\components\admin-settings.tsx", "TypeScript JSX", 0, 5022, 0, 0, 0, 0, 0, 0, 0, 0, 0, 0, 0, 0, 0, 61, 187, 5270
"c:\Users\dale9\Downloads\QuoteVaultPro\client\src\components\branding\PrintersHeroSplashVideo.tsx", "TypeScript JSX", 0, 34, 0, 0, 0, 0, 0, 0, 0, 0, 0, 0, 0, 0, 0, 0, 4, 38
"c:\Users\dale9\Downloads\QuoteVaultPro\client\src\components\bug-report\BugReportModal.tsx", "TypeScript JSX", 0, 350, 0, 0, 0, 0, 0, 0, 0, 0, 0, 0, 0, 0, 0, 13, 42, 405
"c:\Users\dale9\Downloads\QuoteVaultPro\client\src\components\calculator.tsx", "TypeScript JSX", 0, 1285, 0, 0, 0, 0, 0, 0, 0, 0, 0, 0, 0, 0, 0, 42, 86, 1413
"c:\Users\dale9\Downloads\QuoteVaultPro\client\src\components\contact-form.tsx", "TypeScript JSX", 0, 278, 0, 0, 0, 0, 0, 0, 0, 0, 0, 0, 0, 0, 0, 4, 25, 307
"c:\Users\dale9\Downloads\QuoteVaultPro\client\src\components\convert-quote-to-order-dialog.tsx", "TypeScript JSX", 0, 118, 0, 0, 0, 0, 0, 0, 0, 0, 0, 0, 0, 0, 0, 0, 7, 125
"c:\Users\dale9\Downloads\QuoteVaultPro\client\src\components\credit-form.tsx", "TypeScript JSX", 0, 227, 0, 0, 0, 0, 0, 0, 0, 0, 0, 0, 0, 0, 0, 7, 20, 254
"c:\Users\dale9\Downloads\QuoteVaultPro\client\src\components\customer-form.tsx", "TypeScript JSX", 0, 894, 0, 0, 0, 0, 0, 0, 0, 0, 0, 0, 0, 0, 0, 30, 64, 988
"c:\Users\dale9\Downloads\QuoteVaultPro\client\src\components\customers\CustomerActivityTabs.tsx", "TypeScript JSX", 0, 71, 0, 0, 0, 0, 0, 0, 0, 0, 0, 0, 0, 0, 0, 2, 10, 83
"c:\Users\dale9\Downloads\QuoteVaultPro\client\src\components\customers\CustomerStatCard.tsx", "TypeScript JSX", 0, 49, 0, 0, 0, 0, 0, 0, 0, 0, 0, 0, 0, 0, 0, 0, 4, 53
"c:\Users\dale9\Downloads\QuoteVaultPro\client\src\components\customers\CustomerStatsRow.tsx", "TypeScript JSX", 0, 212, 0, 0, 0, 0, 0, 0, 0, 0, 0, 0, 0, 0, 0, 5, 15, 232
"c:\Users\dale9\Downloads\QuoteVaultPro\client\src\components\customers\SplitCustomerDetail.tsx", "TypeScript JSX", 0, 192, 0, 0, 0, 0, 0, 0, 0, 0, 0, 0, 0, 0, 0, 5, 13, 210
"c:\Users\dale9\Downloads\QuoteVaultPro\client\src\components\customers\tables\CustomerInvoicesTable.tsx", "TypeScript JSX", 0, 96, 0, 0, 0, 0, 0, 0, 0, 0, 0, 0, 0, 0, 0, 0, 5, 101
"c:\Users\dale9\Downloads\QuoteVaultPro\client\src\components\customers\tables\CustomerOrdersTable.tsx", "TypeScript JSX", 0, 189, 0, 0, 0, 0, 0, 0, 0, 0, 0, 0, 0, 0, 0, 0, 7, 196
"c:\Users\dale9\Downloads\QuoteVaultPro\client\src\components\customers\tables\CustomerQuotesTable.tsx", "TypeScript JSX", 0, 147, 0, 0, 0, 0, 0, 0, 0, 0, 0, 0, 0, 0, 0, 0, 6, 153
"c:\Users\dale9\Downloads\QuoteVaultPro\client\src\components\dashboard\ActivityFeedPanel.tsx", "TypeScript JSX", 0, 77, 0, 0, 0, 0, 0, 0, 0, 0, 0, 0, 0, 0, 0, 0, 5, 82
"c:\Users\dale9\Downloads\QuoteVaultPro\client\src\components\dashboard\CriticalAlertsRow.tsx", "TypeScript JSX", 0, 73, 0, 0, 0, 0, 0, 0, 0, 0, 0, 0, 0, 0, 0, 0, 5, 78
"c:\Users\dale9\Downloads\QuoteVaultPro\client\src\components\dashboard\DashboardDetailPanel.tsx", "TypeScript JSX", 0, 40, 0, 0, 0, 0, 0, 0, 0, 0, 0, 0, 0, 0, 0, 0, 4, 44
"c:\Users\dale9\Downloads\QuoteVaultPro\client\src\components\dashboard\DashboardDetailsView.tsx", "TypeScript JSX", 0, 292, 0, 0, 0, 0, 0, 0, 0, 0, 0, 0, 0, 0, 0, 0, 24, 316
"c:\Users\dale9\Downloads\QuoteVaultPro\client\src\components\dashboard\FulfillmentFinanceCard.tsx", "TypeScript JSX", 0, 104, 0, 0, 0, 0, 0, 0, 0, 0, 0, 0, 0, 0, 0, 0, 7, 111
"c:\Users\dale9\Downloads\QuoteVaultPro\client\src\components\dashboard\MyWorkPanel.tsx", "TypeScript JSX", 0, 87, 0, 0, 0, 0, 0, 0, 0, 0, 0, 0, 0, 0, 0, 0, 6, 93
"c:\Users\dale9\Downloads\QuoteVaultPro\client\src\components\dashboard\OrdersPipelineCard.tsx", "TypeScript JSX", 0, 67, 0, 0, 0, 0, 0, 0, 0, 0, 0, 0, 0, 0, 0, 0, 6, 73
"c:\Users\dale9\Downloads\QuoteVaultPro\client\src\components\dashboard\ProductionJobsCard.tsx", "TypeScript JSX", 0, 92, 0, 0, 0, 0, 0, 0, 0, 0, 0, 0, 0, 0, 0, 0, 8, 100
"c:\Users\dale9\Downloads\QuoteVaultPro\client\src\components\dashboard\QuickActionsPanel.tsx", "TypeScript JSX", 0, 35, 0, 0, 0, 0, 0, 0, 0, 0, 0, 0, 0, 0, 0, 0, 6, 41
"c:\Users\dale9\Downloads\QuoteVaultPro\client\src\components\dashboard\dashboardPanels.ts", "TypeScript", 94, 0, 0, 0, 0, 0, 0, 0, 0, 0, 0, 0, 0, 0, 0, 0, 8, 102
"c:\Users\dale9\Downloads\QuoteVaultPro\client\src\components\debug\RenderPathBanner.tsx", "TypeScript JSX", 0, 14, 0, 0, 0, 0, 0, 0, 0, 0, 0, 0, 0, 0, 0, 0, 2, 16
"c:\Users\dale9\Downloads\QuoteVaultPro\client\src\components\fulfillment\FulfillmentDebugPanel.tsx", "TypeScript JSX", 0, 42, 0, 0, 0, 0, 0, 0, 0, 0, 0, 0, 0, 0, 0, 0, 6, 48
"c:\Users\dale9\Downloads\QuoteVaultPro\client\src\components\global-search.tsx", "TypeScript JSX", 0, 142, 0, 0, 0, 0, 0, 0, 0, 0, 0, 0, 0, 0, 0, 2, 17, 161
"c:\Users\dale9\Downloads\QuoteVaultPro\client\src\components\integrations\QBTransientDisconnectBanner.tsx", "TypeScript JSX", 0, 112, 0, 0, 0, 0, 0, 0, 0, 0, 0, 0, 0, 0, 0, 0, 18, 130
"c:\Users\dale9\Downloads\QuoteVaultPro\client\src\components\job-status-settings.tsx", "TypeScript JSX", 0, 167, 0, 0, 0, 0, 0, 0, 0, 0, 0, 0, 0, 0, 0, 0, 9, 176
"c:\Users\dale9\Downloads\QuoteVaultPro\client\src\components\layout\AppLayout.tsx", "TypeScript JSX", 0, 109, 0, 0, 0, 0, 0, 0, 0, 0, 0, 0, 0, 0, 0, 11, 15, 135
"c:\Users\dale9\Downloads\QuoteVaultPro\client\src\components\layout\GlobalSearchOverlay.tsx", "TypeScript JSX", 0, 179, 0, 0, 0, 0, 0, 0, 0, 0, 0, 0, 0, 0, 0, 0, 16, 195
"c:\Users\dale9\Downloads\QuoteVaultPro\client\src\components\layout\PublicPageLayout.tsx", "TypeScript JSX", 0, 72, 0, 0, 0, 0, 0, 0, 0, 0, 0, 0, 0, 0, 0, 0, 7, 79
"c:\Users\dale9\Downloads\QuoteVaultPro\client\src\components\layout\ResizablePanels.tsx", "TypeScript JSX", 0, 87, 0, 0, 0, 0, 0, 0, 0, 0, 0, 0, 0, 0, 0, 15, 14, 116
"c:\Users\dale9\Downloads\QuoteVaultPro\client\src\components\layout\SidebarNav.tsx", "TypeScript JSX", 0, 3, 0, 0, 0, 0, 0, 0, 0, 0, 0, 0, 0, 0, 0, 4, 1, 8
"c:\Users\dale9\Downloads\QuoteVaultPro\client\src\components\layout\TitanSidebarNav.tsx", "TypeScript JSX", 0, 497, 0, 0, 0, 0, 0, 0, 0, 0, 0, 0, 0, 0, 0, 44, 44, 585
"c:\Users\dale9\Downloads\QuoteVaultPro\client\src\components\layout\TitanTopBar.tsx", "TypeScript JSX", 0, 314, 0, 0, 0, 0, 0, 0, 0, 0, 0, 0, 0, 0, 0, 30, 38, 382
"c:\Users\dale9\Downloads\QuoteVaultPro\client\src\components\layout\index.ts", "TypeScript", 5, 0, 0, 0, 0, 0, 0, 0, 0, 0, 0, 0, 0, 0, 0, 6, 3, 14
"c:\Users\dale9\Downloads\QuoteVaultPro\client\src\components\line-items\LineItemActionButtons.tsx", "TypeScript JSX", 0, 48, 0, 0, 0, 0, 0, 0, 0, 0, 0, 0, 0, 0, 0, 0, 5, 53
"c:\Users\dale9\Downloads\QuoteVaultPro\client\src\components\line-items\LineItemAlertChip.tsx", "TypeScript JSX", 0, 27, 0, 0, 0, 0, 0, 0, 0, 0, 0, 0, 0, 0, 0, 0, 6, 33
"c:\Users\dale9\Downloads\QuoteVaultPro\client\src\components\line-items\LineItemCard.tsx", "TypeScript JSX", 0, 608, 0, 0, 0, 0, 0, 0, 0, 0, 0, 0, 0, 0, 0, 38, 42, 688
"c:\Users\dale9\Downloads\QuoteVaultPro\client\src\components\line-items\LineItemMainBlock.tsx", "TypeScript JSX", 0, 96, 0, 0, 0, 0, 0, 0, 0, 0, 0, 0, 0, 0, 0, 2, 18, 116
"c:\Users\dale9\Downloads\QuoteVaultPro\client\src\components\line-items\LineItemMoneyField.tsx", "TypeScript JSX", 0, 37, 0, 0, 0, 0, 0, 0, 0, 0, 0, 0, 0, 0, 0, 0, 5, 42
"c:\Users\dale9\Downloads\QuoteVaultPro\client\src\components\line-items\LineItemOverrideToggle.tsx", "TypeScript JSX", 0, 40, 0, 0, 0, 0, 0, 0, 0, 0, 0, 0, 0, 0, 0, 0, 5, 45
"c:\Users\dale9\Downloads\QuoteVaultPro\client\src\components\line-items\LineItemQtyPill.tsx", "TypeScript JSX", 0, 116, 0, 0, 0, 0, 0, 0, 0, 0, 0, 0, 0, 0, 0, 3, 15, 134
"c:\Users\dale9\Downloads\QuoteVaultPro\client\src\components\line-items\LineItemRowEnterprise.tsx", "TypeScript JSX", 0, 879, 0, 0, 0, 0, 0, 0, 0, 0, 0, 0, 0, 0, 0, 0, 72, 951
"c:\Users\dale9\Downloads\QuoteVaultPro\client\src\components\line-items\LineItemStatusPill.tsx", "TypeScript JSX", 0, 161, 0, 0, 0, 0, 0, 0, 0, 0, 0, 0, 0, 0, 0, 0, 19, 180
"c:\Users\dale9\Downloads\QuoteVaultPro\client\src\components\line-items\PBV2LineItemOptions.tsx", "TypeScript JSX", 0, 120, 0, 0, 0, 0, 0, 0, 0, 0, 0, 0, 0, 0, 0, 11, 13, 144
"c:\Users\dale9\Downloads\QuoteVaultPro\client\src\components\line-items\lineItemRowEnterprise.module.css", "PostCSS", 0, 0, 0, 0, 0, 736, 0, 0, 0, 0, 0, 0, 0, 0, 0, 2, 117, 855
"c:\Users\dale9\Downloads\QuoteVaultPro\client\src\components\line-items\lineItemTheme.css", "PostCSS", 0, 0, 0, 0, 0, 20, 0, 0, 0, 0, 0, 0, 0, 0, 0, 2, 10, 32
"c:\Users\dale9\Downloads\QuoteVaultPro\client\src\components\list\ListViewSettings.tsx", "TypeScript JSX", 0, 101, 0, 0, 0, 0, 0, 0, 0, 0, 0, 0, 0, 0, 0, 0, 4, 105
"c:\Users\dale9\Downloads\QuoteVaultPro\client\src\components\marketing\MarketingDashboardMockup.tsx", "TypeScript JSX", 0, 132, 0, 0, 0, 0, 0, 0, 0, 0, 0, 0, 0, 0, 0, 0, 9, 141
"c:\Users\dale9\Downloads\QuoteVaultPro\client\src\components\marketing\MarketingFooter.tsx", "TypeScript JSX", 0, 24, 0, 0, 0, 0, 0, 0, 0, 0, 0, 0, 0, 0, 0, 0, 4, 28
"c:\Users\dale9\Downloads\QuoteVaultPro\client\src\components\marketing\MarketingHeader.tsx", "TypeScript JSX", 0, 89, 0, 0, 0, 0, 0, 0, 0, 0, 0, 0, 0, 0, 0, 0, 11, 100
"c:\Users\dale9\Downloads\QuoteVaultPro\client\src\components\marketing\MarketingMeta.tsx", "TypeScript JSX", 0, 33, 0, 0, 0, 0, 0, 0, 0, 0, 0, 0, 0, 0, 0, 0, 6, 39
"c:\Users\dale9\Downloads\QuoteVaultPro\client\src\components\media-picker.tsx", "TypeScript JSX", 0, 142, 0, 0, 0, 0, 0, 0, 0, 0, 0, 0, 0, 0, 0, 0, 12, 154
"c:\Users\dale9\Downloads\QuoteVaultPro\client\src\components\media\PdfViewer.tsx", "TypeScript JSX", 0, 47, 0, 0, 0, 0, 0, 0, 0, 0, 0, 0, 0, 0, 0, 11, 9, 67
"c:\Users\dale9\Downloads\QuoteVaultPro\client\src\components\note-form.tsx", "TypeScript JSX", 0, 180, 0, 0, 0, 0, 0, 0, 0, 0, 0, 0, 0, 0, 0, 6, 19, 205
"c:\Users\dale9\Downloads\QuoteVaultPro\client\src\components\object-uploader.tsx", "TypeScript JSX", 0, 212, 0, 0, 0, 0, 0, 0, 0, 0, 0, 0, 0, 0, 0, 1, 26, 239
"c:\Users\dale9\Downloads\QuoteVaultPro\client\src\components\order-form-OLD-BACKUP.tsx", "TypeScript JSX", 0, 453, 0, 0, 0, 0, 0, 0, 0, 0, 0, 0, 0, 0, 0, 9, 37, 499
"c:\Users\dale9\Downloads\QuoteVaultPro\client\src\components\order-form.tsx", "TypeScript JSX", 0, 1168, 0, 0, 0, 0, 0, 0, 0, 0, 0, 0, 0, 0, 0, 45, 88, 1301
"c:\Users\dale9\Downloads\QuoteVaultPro\client\src\components\order-line-item-dialog.tsx", "TypeScript JSX", 0, 1023, 0, 0, 0, 0, 0, 0, 0, 0, 0, 0, 0, 0, 0, 45, 80, 1148
"c:\Users\dale9\Downloads\QuoteVaultPro\client\src\components\order-status-badge.tsx", "TypeScript JSX", 0, 145, 0, 0, 0, 0, 0, 0, 0, 0, 0, 0, 0, 0, 0, 0, 13, 158
"c:\Users\dale9\Downloads\QuoteVaultPro\client\src\components\orders\ManualReservationsCard.tsx", "TypeScript JSX", 0, 320, 0, 0, 0, 0, 0, 0, 0, 0, 0, 0, 0, 0, 0, 0, 31, 351
"c:\Users\dale9\Downloads\QuoteVaultPro\client\src\components\orders\OrderFulfillmentPanel.tsx", "TypeScript JSX", 0, 620, 0, 0, 0, 0, 0, 0, 0, 0, 0, 0, 0, 0, 0, 16, 48, 684
"c:\Users\dale9\Downloads\QuoteVaultPro\client\src\components\orders\OrderLineItemsSection.tsx", "TypeScript JSX", 0, 2988, 0, 0, 0, 0, 0, 0, 0, 0, 0, 0, 0, 0, 0, 101, 288, 3377
"c:\Users\dale9\Downloads\QuoteVaultPro\client\src\components\orders\lineItemPricingDisplay.test.ts", "TypeScript", 126, 0, 0, 0, 0, 0, 0, 0, 0, 0, 0, 0, 0, 0, 0, 5, 13, 144
"c:\Users\dale9\Downloads\QuoteVaultPro\client\src\components\orders\lineItemPricingDisplay.ts", "TypeScript", 52, 0, 0, 0, 0, 0, 0, 0, 0, 0, 0, 0, 0, 0, 0, 30, 9, 91
"c:\Users\dale9\Downloads\QuoteVaultPro\client\src\components\orders\orderLineItemEditState.test.ts", "TypeScript", 112, 0, 0, 0, 0, 0, 0, 0, 0, 0, 0, 0, 0, 0, 0, 0, 8, 120
"c:\Users\dale9\Downloads\QuoteVaultPro\client\src\components\orders\orderLineItemEditState.ts", "TypeScript", 145, 0, 0, 0, 0, 0, 0, 0, 0, 0, 0, 0, 0, 0, 0, 0, 13, 158
"c:\Users\dale9\Downloads\QuoteVaultPro\client\src\components\orders\quoteCalculatePayload.test.ts", "TypeScript", 58, 0, 0, 0, 0, 0, 0, 0, 0, 0, 0, 0, 0, 0, 0, 1, 9, 68
"c:\Users\dale9\Downloads\QuoteVaultPro\client\src\components\orders\quoteCalculatePayload.ts", "TypeScript", 40, 0, 0, 0, 0, 0, 0, 0, 0, 0, 0, 0, 0, 0, 0, 14, 4, 58
"c:\Users\dale9\Downloads\QuoteVaultPro\client\src\components\payments\StripePayDialog.tsx", "TypeScript JSX", 0, 341, 0, 0, 0, 0, 0, 0, 0, 0, 0, 0, 0, 0, 0, 53, 48, 442
"c:\Users\dale9\Downloads\QuoteVaultPro\client\src\components\pbv2\FormulaLanguageHelp.tsx", "TypeScript JSX", 0, 229, 0, 0, 0, 0, 0, 0, 0, 0, 0, 0, 0, 0, 0, 1, 14, 244
"c:\Users\dale9\Downloads\QuoteVaultPro\client\src\components\pbv2\builder-v2\BasePricingEditor.tsx", "TypeScript JSX", 0, 318, 0, 0, 0, 0, 0, 0, 0, 0, 0, 0, 0, 0, 0, 3, 25, 346
"c:\Users\dale9\Downloads\QuoteVaultPro\client\src\components\pbv2\builder-v2\ConfirmationModal.tsx", "TypeScript JSX", 0, 62, 0, 0, 0, 0, 0, 0, 0, 0, 0, 0, 0, 0, 0, 0, 4, 66
"c:\Users\dale9\Downloads\QuoteVaultPro\client\src\components\pbv2\builder-v2\FormulaReferenceModal.tsx", "TypeScript JSX", 0, 248, 0, 0, 0, 0, 0, 0, 0, 0, 0, 0, 0, 0, 0, 0, 20, 268
"c:\Users\dale9\Downloads\QuoteVaultPro\client\src\components\pbv2\builder-v2\OptionDetailsEditor.tsx", "TypeScript JSX", 0, 1390, 0, 0, 0, 0, 0, 0, 0, 0, 0, 0, 0, 0, 0, 31, 95, 1516
"c:\Users\dale9\Downloads\QuoteVaultPro\client\src\components\pbv2\builder-v2\OptionEditor.tsx", "TypeScript JSX", 0, 419, 0, 0, 0, 0, 0, 0, 0, 0, 0, 0, 0, 0, 0, 2, 26, 447
"c:\Users\dale9\Downloads\QuoteVaultPro\client\src\components\pbv2\builder-v2\OptionGroupTemplateDialogs.tsx", "TypeScript JSX", 0, 304, 0, 0, 0, 0, 0, 0, 0, 0, 0, 0, 0, 0, 0, 2, 18, 324
"c:\Users\dale9\Downloads\QuoteVaultPro\client\src\components\pbv2\builder-v2\OptionGroupsSidebar.tsx", "TypeScript JSX", 0, 290, 0, 0, 0, 0, 0, 0, 0, 0, 0, 0, 0, 0, 0, 1, 14, 305
"c:\Users\dale9\Downloads\QuoteVaultPro\client\src\components\pbv2\builder-v2\OptionRulesPricingMatrixEditor.tsx", "TypeScript JSX", 0, 1055, 0, 0, 0, 0, 0, 0, 0, 0, 0, 0, 0, 0, 0, 0, 75, 1130
"c:\Users\dale9\Downloads\QuoteVaultPro\client\src\components\pbv2\builder-v2\PBV2EditorErrorBoundary.tsx", "TypeScript JSX", 0, 55, 0, 0, 0, 0, 0, 0, 0, 0, 0, 0, 0, 0, 0, 7, 9, 71
"c:\Users\dale9\Downloads\QuoteVaultPro\client\src\components\pbv2\builder-v2\PBV2ProductBuilderLayout.tsx", "TypeScript JSX", 0, 148, 0, 0, 0, 0, 0, 0, 0, 0, 0, 0, 0, 0, 0, 18, 8, 174
"c:\Users\dale9\Downloads\QuoteVaultPro\client\src\components\pbv2\builder-v2\PricingValidationPanel.tsx", "TypeScript JSX", 0, 1440, 0, 0, 0, 0, 0, 0, 0, 0, 0, 0, 0, 0, 0, 21, 81, 1542
"c:\Users\dale9\Downloads\QuoteVaultPro\client\src\components\pbv2\builder-v2\PricingVariableHelper.tsx", "TypeScript JSX", 0, 189, 0, 0, 0, 0, 0, 0, 0, 0, 0, 0, 0, 0, 0, 0, 10, 199
"c:\Users\dale9\Downloads\QuoteVaultPro\client\src\components\pbv2\builder-v2\ProductHeader.tsx", "TypeScript JSX", 0, 109, 0, 0, 0, 0, 0, 0, 0, 0, 0, 0, 0, 0, 0, 0, 11, 120
"c:\Users\dale9\Downloads\QuoteVaultPro\client\src\components\pbv2\builder-v2\ProductImagesSection.tsx", "TypeScript JSX", 0, 60, 0, 0, 0, 0, 0, 0, 0, 0, 0, 0, 0, 0, 0, 17, 8, 85
"c:\Users\dale9\Downloads\QuoteVaultPro\client\src\components\pbv2\builder-v2\pricingVariables.ts", "TypeScript", 13, 0, 0, 0, 0, 0, 0, 0, 0, 0, 0, 0, 0, 0, 0, 0, 1, 14
"c:\Users\dale9\Downloads\QuoteVaultPro\client\src\components\portal\PortalFilesCard.tsx", "TypeScript JSX", 0, 92, 0, 0, 0, 0, 0, 0, 0, 0, 0, 0, 0, 0, 0, 0, 5, 97
"c:\Users\dale9\Downloads\QuoteVaultPro\client\src\components\portal\PortalLayout.tsx", "TypeScript JSX", 0, 69, 0, 0, 0, 0, 0, 0, 0, 0, 0, 0, 0, 0, 0, 0, 6, 75
"c:\Users\dale9\Downloads\QuoteVaultPro\client\src\components\production\PrintOptionsModal.tsx", "TypeScript JSX", 0, 209, 0, 0, 0, 0, 0, 0, 0, 0, 0, 0, 0, 0, 0, 19, 17, 245
"c:\Users\dale9\Downloads\QuoteVaultPro\client\src\components\production\PrintTicketActions.tsx", "TypeScript JSX", 0, 47, 0, 0, 0, 0, 0, 0, 0, 0, 0, 0, 0, 0, 0, 15, 7, 69
"c:\Users\dale9\Downloads\QuoteVaultPro\client\src\components\production\PrintTicketButton.tsx", "TypeScript JSX", 0, 63, 0, 0, 0, 0, 0, 0, 0, 0, 0, 0, 0, 0, 0, 21, 11, 95
"c:\Users\dale9\Downloads\QuoteVaultPro\client\src\components\production\PrinterPicker.tsx", "TypeScript JSX", 0, 56, 0, 0, 0, 0, 0, 0, 0, 0, 0, 0, 0, 0, 0, 7, 5, 68
"c:\Users\dale9\Downloads\QuoteVaultPro\client\src\components\production\StationStepEditor.tsx", "TypeScript JSX", 0, 272, 0, 0, 0, 0, 0, 0, 0, 0, 0, 0, 0, 0, 0, 0, 28, 300
"c:\Users\dale9\Downloads\QuoteVaultPro\client\src\components\production\ZoomPanImageViewer.tsx", "TypeScript JSX", 0, 257, 0, 0, 0, 0, 0, 0, 0, 0, 0, 0, 0, 0, 0, 38, 44, 339
"c:\Users\dale9\Downloads\QuoteVaultPro\client\src\components\production\ticketPrintPrimitives.tsx", "TypeScript JSX", 0, 11, 0, 0, 0, 0, 0, 0, 0, 0, 0, 0, 0, 0, 0, 6, 4, 21
"c:\Users\dale9\Downloads\QuoteVaultPro\client\src\components\quote-history.tsx", "TypeScript JSX", 0, 450, 0, 0, 0, 0, 0, 0, 0, 0, 0, 0, 0, 0, 0, 1, 33, 484
"c:\Users\dale9\Downloads\QuoteVaultPro\client\src\components\quote-source-badge.tsx", "TypeScript JSX", 0, 26, 0, 0, 0, 0, 0, 0, 0, 0, 0, 0, 0, 0, 0, 0, 6, 32
"c:\Users\dale9\Downloads\QuoteVaultPro\client\src\components\runtime\RuntimeEnvironmentBadge.tsx", "TypeScript JSX", 0, 69, 0, 0, 0, 0, 0, 0, 0, 0, 0, 0, 0, 0, 0, 0, 13, 82
"c:\Users\dale9\Downloads\QuoteVaultPro\client\src\components\runtime\RuntimeSafetyWarning.tsx", "TypeScript JSX", 0, 16, 0, 0, 0, 0, 0, 0, 0, 0, 0, 0, 0, 0, 0, 0, 4, 20
"c:\Users\dale9\Downloads\QuoteVaultPro\client\src\components\titan\ColumnConfig.tsx", "TypeScript JSX", 0, 417, 0, 0, 0, 0, 0, 0, 0, 0, 0, 0, 0, 0, 0, 12, 41, 470
"c:\Users\dale9\Downloads\QuoteVaultPro\client\src\components\titan\ContentLayout.tsx", "TypeScript JSX", 0, 9, 0, 0, 0, 0, 0, 0, 0, 0, 0, 0, 0, 0, 0, 0, 3, 12
"c:\Users\dale9\Downloads\QuoteVaultPro\client\src\components\titan\DataCard.tsx", "TypeScript JSX", 0, 40, 0, 0, 0, 0, 0, 0, 0, 0, 0, 0, 0, 0, 0, 0, 4, 44
"c:\Users\dale9\Downloads\QuoteVaultPro\client\src\components\titan\FilterPanel.tsx", "TypeScript JSX", 0, 27, 0, 0, 0, 0, 0, 0, 0, 0, 0, 0, 0, 0, 0, 0, 3, 30
"c:\Users\dale9\Downloads\QuoteVaultPro\client\src\components\titan\Page.tsx", "TypeScript JSX", 0, 19, 0, 0, 0, 0, 0, 0, 0, 0, 0, 0, 0, 0, 0, 0, 3, 22
"c:\Users\dale9\Downloads\QuoteVaultPro\client\src\components\titan\PageHeader.tsx", "TypeScript JSX", 0, 27, 0, 0, 0, 0, 0, 0, 0, 0, 0, 0, 0, 0, 0, 0, 3, 30
"c:\Users\dale9\Downloads\QuoteVaultPro\client\src\components\titan\Section.tsx", "TypeScript JSX", 0, 25, 0, 0, 0, 0, 0, 0, 0, 0, 0, 0, 0, 0, 0, 0, 3, 28
"c:\Users\dale9\Downloads\QuoteVaultPro\client\src\components\titan\StatusPill.tsx", "TypeScript JSX", 0, 46, 0, 0, 0, 0, 0, 0, 0, 0, 0, 0, 0, 0, 0, 5, 12, 63
"c:\Users\dale9\Downloads\QuoteVaultPro\client\src\components\titan\TitanButton.tsx", "TypeScript JSX", 0, 84, 0, 0, 0, 0, 0, 0, 0, 0, 0, 0, 0, 0, 0, 0, 7, 91
"c:\Users\dale9\Downloads\QuoteVaultPro\client\src\components\titan\TitanCard.tsx", "TypeScript JSX", 0, 33, 0, 0, 0, 0, 0, 0, 0, 0, 0, 0, 0, 0, 0, 0, 5, 38
"c:\Users\dale9\Downloads\QuoteVaultPro\client\src\components\titan\TitanSearchInput.tsx", "TypeScript JSX", 0, 32, 0, 0, 0, 0, 0, 0, 0, 0, 0, 0, 0, 0, 0, 0, 4, 36
"c:\Users\dale9\Downloads\QuoteVaultPro\client\src\components\titan\TitanStatCard.tsx", "TypeScript JSX", 0, 62, 0, 0, 0, 0, 0, 0, 0, 0, 0, 0, 0, 0, 0, 4, 5, 71
"c:\Users\dale9\Downloads\QuoteVaultPro\client\src\components\titan\TitanTable.tsx", "TypeScript JSX", 0, 131, 0, 0, 0, 0, 0, 0, 0, 0, 0, 0, 0, 0, 0, 27, 29, 187
"c:\Users\dale9\Downloads\QuoteVaultPro\client\src\components\titan\index.ts", "TypeScript", 25, 0, 0, 0, 0, 0, 0, 0, 0, 0, 0, 0, 0, 0, 0, 7, 7, 39
"c:\Users\dale9\Downloads\QuoteVaultPro\client\src\components\ui\PageShell.tsx", "TypeScript JSX", 0, 8, 0, 0, 0, 0, 0, 0, 0, 0, 0, 0, 0, 0, 0, 0, 2, 10
"c:\Users\dale9\Downloads\QuoteVaultPro\client\src\components\ui\TitanCard.tsx", "TypeScript JSX", 0, 17, 0, 0, 0, 0, 0, 0, 0, 0, 0, 0, 0, 0, 0, 0, 3, 20
"c:\Users\dale9\Downloads\QuoteVaultPro\client\src\components\ui\accordion.tsx", "TypeScript JSX", 0, 49, 0, 0, 0, 0, 0, 0, 0, 0, 0, 0, 0, 0, 0, 0, 8, 57
"c:\Users\dale9\Downloads\QuoteVaultPro\client\src\components\ui\alert-dialog.tsx", "TypeScript JSX", 0, 126, 0, 0, 0, 0, 0, 0, 0, 0, 0, 0, 0, 0, 0, 0, 14, 140
"c:\Users\dale9\Downloads\QuoteVaultPro\client\src\components\ui\alert.tsx", "TypeScript JSX", 0, 53, 0, 0, 0, 0, 0, 0, 0, 0, 0, 0, 0, 0, 0, 0, 7, 60
"c:\Users\dale9\Downloads\QuoteVaultPro\client\src\components\ui\aspect-ratio.tsx", "TypeScript JSX", 0, 3, 0, 0, 0, 0, 0, 0, 0, 0, 0, 0, 0, 0, 0, 0, 3, 6
"c:\Users\dale9\Downloads\QuoteVaultPro\client\src\components\ui\avatar.tsx", "TypeScript JSX", 0, 45, 0, 0, 0, 0, 0, 0, 0, 0, 0, 0, 0, 0, 0, 0, 7, 52
"c:\Users\dale9\Downloads\QuoteVaultPro\client\src\components\ui\badge.tsx", "TypeScript JSX", 0, 31, 0, 0, 0, 0, 0, 0, 0, 0, 0, 0, 0, 0, 0, 1, 7, 39
"c:\Users\dale9\Downloads\QuoteVaultPro\client\src\components\ui\breadcrumb.tsx", "TypeScript JSX", 0, 105, 0, 0, 0, 0, 0, 0, 0, 0, 0, 0, 0, 0, 0, 0, 11, 116
"c:\Users\dale9\Downloads\QuoteVaultPro\client\src\components\ui\button.tsx", "TypeScript JSX", 0, 52, 0, 0, 0, 0, 0, 0, 0, 0, 0, 0, 0, 0, 0, 6, 6, 64
"c:\Users\dale9\Downloads\QuoteVaultPro\client\src\components\ui\calendar.tsx", "TypeScript JSX", 0, 64, 0, 0, 0, 0, 0, 0, 0, 0, 0, 0, 0, 0, 0, 0, 5, 69
"c:\Users\dale9\Downloads\QuoteVaultPro\client\src\components\ui\card.tsx", "TypeScript JSX", 0, 78, 0, 0, 0, 0, 0, 0, 0, 0, 0, 0, 0, 0, 0, 0, 8, 86
"c:\Users\dale9\Downloads\QuoteVaultPro\client\src\components\ui\carousel.tsx", "TypeScript JSX", 0, 231, 0, 0, 0, 0, 0, 0, 0, 0, 0, 0, 0, 0, 0, 0, 30, 261
"c:\Users\dale9\Downloads\QuoteVaultPro\client\src\components\ui\chart.tsx", "TypeScript JSX", 0, 331, 0, 0, 0, 0, 0, 0, 0, 0, 0, 0, 0, 0, 0, 2, 33, 366
"c:\Users\dale9\Downloads\QuoteVaultPro\client\src\components\ui\checkbox.tsx", "TypeScript JSX", 0, 25, 0, 0, 0, 0, 0, 0, 0, 0, 0, 0, 0, 0, 0, 0, 4, 29
"c:\Users\dale9\Downloads\QuoteVaultPro\client\src\components\ui\collapsible.tsx", "TypeScript JSX", 0, 6, 0, 0, 0, 0, 0, 0, 0, 0, 0, 0, 0, 0, 0, 0, 6, 12
"c:\Users\dale9\Downloads\QuoteVaultPro\client\src\components\ui\command.tsx", "TypeScript JSX", 0, 135, 0, 0, 0, 0, 0, 0, 0, 0, 0, 0, 0, 0, 0, 0, 17, 152
"c:\Users\dale9\Downloads\QuoteVaultPro\client\src\components\ui\context-menu.tsx", "TypeScript JSX", 0, 181, 0, 0, 0, 0, 0, 0, 0, 0, 0, 0, 0, 0, 0, 0, 18, 199
"c:\Users\dale9\Downloads\QuoteVaultPro\client\src\components\ui\dialog.tsx", "TypeScript JSX", 0, 113, 0, 0, 0, 0, 0, 0, 0, 0, 0, 0, 0, 0, 0, 0, 14, 127
"c:\Users\dale9\Downloads\QuoteVaultPro\client\src\components\ui\drawer.tsx", "TypeScript JSX", 0, 105, 0, 0, 0, 0, 0, 0, 0, 0, 0, 0, 0, 0, 0, 0, 14, 119
"c:\Users\dale9\Downloads\QuoteVaultPro\client\src\components\ui\dropdown-menu.tsx", "TypeScript JSX", 0, 181, 0, 0, 0, 0, 0, 0, 0, 0, 0, 0, 0, 0, 0, 0, 18, 199
"c:\Users\dale9\Downloads\QuoteVaultPro\client\src\components\ui\form.tsx", "TypeScript JSX", 0, 153, 0, 0, 0, 0, 0, 0, 0, 0, 0, 0, 0, 0, 0, 0, 26, 179
"c:\Users\dale9\Downloads\QuoteVaultPro\client\src\components\ui\hover-card.tsx", "TypeScript JSX", 0, 23, 0, 0, 0, 0, 0, 0, 0, 0, 0, 0, 0, 0, 0, 0, 7, 30
"c:\Users\dale9\Downloads\QuoteVaultPro\client\src\components\ui\input-otp.tsx", "TypeScript JSX", 0, 62, 0, 0, 0, 0, 0, 0, 0, 0, 0, 0, 0, 0, 0, 0, 8, 70
"c:\Users\dale9\Downloads\QuoteVaultPro\client\src\components\ui\input.tsx", "TypeScript JSX", 0, 38, 0, 0, 0, 0, 0, 0, 0, 0, 0, 0, 0, 0, 0, 1, 5, 44
"c:\Users\dale9\Downloads\QuoteVaultPro\client\src\components\ui\label.tsx", "TypeScript JSX", 0, 20, 0, 0, 0, 0, 0, 0, 0, 0, 0, 0, 0, 0, 0, 0, 5, 25
"c:\Users\dale9\Downloads\QuoteVaultPro\client\src\components\ui\menubar.tsx", "TypeScript JSX", 0, 237, 0, 0, 0, 0, 0, 0, 0, 0, 0, 0, 0, 0, 0, 0, 20, 257
"c:\Users\dale9\Downloads\QuoteVaultPro\client\src\components\ui\navigation-menu.tsx", "TypeScript JSX", 0, 117, 0, 0, 0, 0, 0, 0, 0, 0, 0, 0, 0, 0, 0, 0, 12, 129
"c:\Users\dale9\Downloads\QuoteVaultPro\client\src\components\ui\pagination.tsx", "TypeScript JSX", 0, 107, 0, 0, 0, 0, 0, 0, 0, 0, 0, 0, 0, 0, 0, 0, 11, 118
"c:\Users\dale9\Downloads\QuoteVaultPro\client\src\components\ui\popover.tsx", "TypeScript JSX", 0, 24, 0, 0, 0, 0, 0, 0, 0, 0, 0, 0, 0, 0, 0, 0, 6, 30
"c:\Users\dale9\Downloads\QuoteVaultPro\client\src\components\ui\progress.tsx", "TypeScript JSX", 0, 24, 0, 0, 0, 0, 0, 0, 0, 0, 0, 0, 0, 0, 0, 0, 5, 29
"c:\Users\dale9\Downloads\QuoteVaultPro\client\src\components\ui\radio-group.tsx", "TypeScript JSX", 0, 38, 0, 0, 0, 0, 0, 0, 0, 0, 0, 0, 0, 0, 0, 0, 5, 43
"c:\Users\dale9\Downloads\QuoteVaultPro\client\src\components\ui\resizable.tsx", "TypeScript JSX", 0, 39, 0, 0, 0, 0, 0, 0, 0, 0, 0, 0, 0, 0, 0, 0, 7, 46
"c:\Users\dale9\Downloads\QuoteVaultPro\client\src\components\ui\scroll-area.tsx", "TypeScript JSX", 0, 42, 0, 0, 0, 0, 0, 0, 0, 0, 0, 0, 0, 0, 0, 0, 5, 47
"c:\Users\dale9\Downloads\QuoteVaultPro\client\src\components\ui\select.tsx", "TypeScript JSX", 0, 146, 0, 0, 0, 0, 0, 0, 0, 0, 0, 0, 0, 0, 0, 0, 15, 161
"c:\Users\dale9\Downloads\QuoteVaultPro\client\src\components\ui\separator.tsx", "TypeScript JSX", 0, 26, 0, 0, 0, 0, 0, 0, 0, 0, 0, 0, 0, 0, 0, 0, 4, 30
"c:\Users\dale9\Downloads\QuoteVaultPro\client\src\components\ui\sheet.tsx", "TypeScript JSX", 0, 125, 0, 0, 0, 0, 0, 0, 0, 0, 0, 0, 0, 0, 0, 0, 16, 141
"c:\Users\dale9\Downloads\QuoteVaultPro\client\src\components\ui\sidebar.tsx", "TypeScript JSX", 0, 660, 0, 0, 0, 0, 0, 0, 0, 0, 0, 0, 0, 0, 0, 13, 55, 728
"c:\Users\dale9\Downloads\QuoteVaultPro\client\src\components\ui\skeleton.tsx", "TypeScript JSX", 0, 13, 0, 0, 0, 0, 0, 0, 0, 0, 0, 0, 0, 0, 0, 0, 3, 16
"c:\Users\dale9\Downloads\QuoteVaultPro\client\src\components\ui\slider.tsx", "TypeScript JSX", 0, 23, 0, 0, 0, 0, 0, 0, 0, 0, 0, 0, 0, 0, 0, 0, 4, 27
"c:\Users\dale9\Downloads\QuoteVaultPro\client\src\components\ui\switch.tsx", "TypeScript JSX", 0, 24, 0, 0, 0, 0, 0, 0, 0, 0, 0, 0, 0, 0, 0, 0, 4, 28
"c:\Users\dale9\Downloads\QuoteVaultPro\client\src\components\ui\table.tsx", "TypeScript JSX", 0, 107, 0, 0, 0, 0, 0, 0, 0, 0, 0, 0, 0, 0, 0, 0, 11, 118
"c:\Users\dale9\Downloads\QuoteVaultPro\client\src\components\ui\tabs.tsx", "TypeScript JSX", 0, 47, 0, 0, 0, 0, 0, 0, 0, 0, 0, 0, 0, 0, 0, 0, 7, 54
"c:\Users\dale9\Downloads\QuoteVaultPro\client\src\components\ui\textarea.tsx", "TypeScript JSX", 0, 19, 0, 0, 0, 0, 0, 0, 0, 0, 0, 0, 0, 0, 0, 0, 4, 23
"c:\Users\dale9\Downloads\QuoteVaultPro\client\src\components\ui\toast.tsx", "TypeScript JSX", 0, 115, 0, 0, 0, 0, 0, 0, 0, 0, 0, 0, 0, 0, 0, 0, 13, 128
"c:\Users\dale9\Downloads\QuoteVaultPro\client\src\components\ui\toaster.tsx", "TypeScript JSX", 0, 31, 0, 0, 0, 0, 0, 0, 0, 0, 0, 0, 0, 0, 0, 0, 3, 34
"c:\Users\dale9\Downloads\QuoteVaultPro\client\src\components\ui\toggle-group.tsx", "TypeScript JSX", 0, 52, 0, 0, 0, 0, 0, 0, 0, 0, 0, 0, 0, 0, 0, 0, 10, 62
"c:\Users\dale9\Downloads\QuoteVaultPro\client\src\components\ui\toggle.tsx", "TypeScript JSX", 0, 38, 0, 0, 0, 0, 0, 0, 0, 0, 0, 0, 0, 0, 0, 0, 6, 44
"c:\Users\dale9\Downloads\QuoteVaultPro\client\src\components\ui\tooltip.tsx", "TypeScript JSX", 0, 23, 0, 0, 0, 0, 0, 0, 0, 0, 0, 0, 0, 0, 0, 0, 8, 31
"c:\Users\dale9\Downloads\QuoteVaultPro\client\src\components\user-management.tsx", "TypeScript JSX", 0, 291, 0, 0, 0, 0, 0, 0, 0, 0, 0, 0, 0, 0, 0, 1, 14, 306
"c:\Users\dale9\Downloads\QuoteVaultPro\client\src\config\routes.ts", "TypeScript", 106, 0, 0, 0, 0, 0, 0, 0, 0, 0, 0, 0, 0, 0, 0, 111, 23, 240
"c:\Users\dale9\Downloads\QuoteVaultPro\client\src\contexts\NavigationGuardContext.tsx", "TypeScript JSX", 0, 127, 0, 0, 0, 0, 0, 0, 0, 0, 0, 0, 0, 0, 0, 14, 19, 160
"c:\Users\dale9\Downloads\QuoteVaultPro\client\src\contexts\navigationGuardCore.test.ts", "TypeScript", 94, 0, 0, 0, 0, 0, 0, 0, 0, 0, 0, 0, 0, 0, 0, 0, 26, 120
"c:\Users\dale9\Downloads\QuoteVaultPro\client\src\contexts\navigationGuardCore.ts", "TypeScript", 160, 0, 0, 0, 0, 0, 0, 0, 0, 0, 0, 0, 0, 0, 0, 1, 25, 186
"c:\Users\dale9\Downloads\QuoteVaultPro\client\src\docs\thumbnail-status-auto-refresh-audit.md", "Markdown", 0, 0, 0, 0, 0, 0, 233, 0, 0, 0, 0, 0, 0, 0, 0, 0, 63, 296
"c:\Users\dale9\Downloads\QuoteVaultPro\client\src\features\customers\CustomerActionsMenu.tsx", "TypeScript JSX", 0, 136, 0, 0, 0, 0, 0, 0, 0, 0, 0, 0, 0, 0, 0, 26, 11, 173
"c:\Users\dale9\Downloads\QuoteVaultPro\client\src\features\customers\CustomerIdentityBlock.tsx", "TypeScript JSX", 0, 94, 0, 0, 0, 0, 0, 0, 0, 0, 0, 0, 0, 0, 0, 28, 12, 134
"c:\Users\dale9\Downloads\QuoteVaultPro\client\src\features\customers\EnhancedCustomerView.tsx", "TypeScript JSX", 0, 2002, 0, 0, 0, 0, 0, 0, 0, 0, 0, 0, 0, 0, 0, 89, 159, 2250
"c:\Users\dale9\Downloads\QuoteVaultPro\client\src\features\customers\StatementTab.tsx", "TypeScript JSX", 0, 770, 0, 0, 0, 0, 0, 0, 0, 0, 0, 0, 0, 0, 0, 31, 51, 852
"c:\Users\dale9\Downloads\QuoteVaultPro\client\src\features\customers\TransactionsTab.tsx", "TypeScript JSX", 0, 505, 0, 0, 0, 0, 0, 0, 0, 0, 0, 0, 0, 0, 0, 34, 36, 575
"c:\Users\dale9\Downloads\QuoteVaultPro\client\src\features\customers\index.ts", "TypeScript", 4, 0, 0, 0, 0, 0, 0, 0, 0, 0, 0, 0, 0, 0, 0, 0, 1, 5
"c:\Users\dale9\Downloads\QuoteVaultPro\client\src\features\documents\create\DocumentCreateForm.tsx", "TypeScript JSX", 0, 817, 0, 0, 0, 0, 0, 0, 0, 0, 0, 0, 0, 0, 0, 48, 74, 939
"c:\Users\dale9\Downloads\QuoteVaultPro\client\src\features\materials\CreateMaterialDialog.tsx", "TypeScript JSX", 0, 392, 0, 0, 0, 0, 0, 0, 0, 0, 0, 0, 0, 0, 0, 1, 30, 423
"c:\Users\dale9\Downloads\QuoteVaultPro\client\src\features\materials\MaterialsSettingsPanel.tsx", "TypeScript JSX", 0, 484, 0, 0, 0, 0, 0, 0, 0, 0, 0, 0, 0, 0, 0, 1, 34, 519
"c:\Users\dale9\Downloads\QuoteVaultPro\client\src\features\production\ProductionViewRenderer.tsx", "TypeScript JSX", 0, 22, 0, 0, 0, 0, 0, 0, 0, 0, 0, 0, 0, 0, 0, 0, 5, 27
"c:\Users\dale9\Downloads\QuoteVaultPro\client\src\features\production\theme\productionCardTheme.ts", "TypeScript", 61, 0, 0, 0, 0, 0, 0, 0, 0, 0, 0, 0, 0, 0, 0, 13, 8, 82
"c:\Users\dale9\Downloads\QuoteVaultPro\client\src\features\production\views\FlatbedProductionView.tsx", "TypeScript JSX", 0, 1677, 0, 0, 0, 0, 0, 0, 0, 0, 0, 0, 0, 0, 0, 68, 133, 1878
"c:\Users\dale9\Downloads\QuoteVaultPro\client\src\features\production\views\ProductionOverviewPage.tsx", "TypeScript JSX", 0, 2175, 0, 0, 0, 0, 0, 0, 0, 0, 0, 0, 0, 0, 0, 129, 214, 2518
"c:\Users\dale9\Downloads\QuoteVaultPro\client\src\features\production\views\RollProductionView.tsx", "TypeScript JSX", 0, 1722, 0, 0, 0, 0, 0, 0, 0, 0, 0, 0, 0, 0, 0, 68, 136, 1926
"c:\Users\dale9\Downloads\QuoteVaultPro\client\src\features\products\editor\ProductOptionsEditor.tsx", "TypeScript JSX", 0, 918, 0, 0, 0, 0, 0, 0, 0, 0, 0, 0, 0, 0, 0, 12, 95, 1025
"c:\Users\dale9\Downloads\QuoteVaultPro\client\src\features\quotes\editor\QuoteEditorPage.tsx", "TypeScript JSX", 0, 937, 0, 0, 0, 0, 0, 0, 0, 0, 0, 0, 0, 0, 0, 172, 115, 1224
"c:\Users\dale9\Downloads\QuoteVaultPro\client\src\features\quotes\editor\components\CustomerCard.tsx", "TypeScript JSX", 0, 397, 0, 0, 0, 0, 0, 0, 0, 0, 0, 0, 0, 0, 0, 9, 27, 433
"c:\Users\dale9\Downloads\QuoteVaultPro\client\src\features\quotes\editor\components\CustomerInfoFooter.tsx", "TypeScript JSX", 0, 122, 0, 0, 0, 0, 0, 0, 0, 0, 0, 0, 0, 0, 0, 2, 16, 140
"c:\Users\dale9\Downloads\QuoteVaultPro\client\src\features\quotes\editor\components\FulfillmentCard.tsx", "TypeScript JSX", 0, 222, 0, 0, 0, 0, 0, 0, 0, 0, 0, 0, 0, 0, 0, 4, 6, 232
"c:\Users\dale9\Downloads\QuoteVaultPro\client\src\features\quotes\editor\components\LineItemBuilder.tsx", "TypeScript JSX", 0, 367, 0, 0, 0, 0, 0, 0, 0, 0, 0, 0, 0, 0, 0, 13, 22, 402
"c:\Users\dale9\Downloads\QuoteVaultPro\client\src\features\quotes\editor\components\LineItemsSection.tsx", "TypeScript JSX", 0, 984, 0, 0, 0, 0, 0, 0, 0, 0, 0, 0, 0, 0, 0, 82, 105, 1171
"c:\Users\dale9\Downloads\QuoteVaultPro\client\src\features\quotes\editor\components\LineItemsTable.tsx", "TypeScript JSX", 0, 316, 0, 0, 0, 0, 0, 0, 0, 0, 0, 0, 0, 0, 0, 13, 26, 355
"c:\Users\dale9\Downloads\QuoteVaultPro\client\src\features\quotes\editor\components\ProductOptionsPanel.tsx", "TypeScript JSX", 0, 595, 0, 0, 0, 0, 0, 0, 0, 0, 0, 0, 0, 0, 0, 7, 58, 660
"c:\Users\dale9\Downloads\QuoteVaultPro\client\src\features\quotes\editor\components\ProductOptionsPanelV2.tsx", "TypeScript JSX", 0, 694, 0, 0, 0, 0, 0, 0, 0, 0, 0, 0, 0, 0, 0, 45, 98, 837
"c:\Users\dale9\Downloads\QuoteVaultPro\client\src\features\quotes\editor\components\QuoteHeader.tsx", "TypeScript JSX", 0, 112, 0, 0, 0, 0, 0, 0, 0, 0, 0, 0, 0, 0, 0, 9, 11, 132
"c:\Users\dale9\Downloads\QuoteVaultPro\client\src\features\quotes\editor\components\SummaryCard.tsx", "TypeScript JSX", 0, 435, 0, 0, 0, 0, 0, 0, 0, 0, 0, 0, 0, 0, 0, 24, 25, 484
"c:\Users\dale9\Downloads\QuoteVaultPro\client\src\features\quotes\editor\types.ts", "TypeScript", 56, 0, 0, 0, 0, 0, 0, 0, 0, 0, 0, 0, 0, 0, 0, 19, 4, 79
"c:\Users\dale9\Downloads\QuoteVaultPro\client\src\features\quotes\editor\useQuoteEditorState.ts", "TypeScript", 2131, 0, 0, 0, 0, 0, 0, 0, 0, 0, 0, 0, 0, 0, 0, 329, 315, 2775
"c:\Users\dale9\Downloads\QuoteVaultPro\client\src\features\quotes\editor\utils.ts", "TypeScript", 17, 0, 0, 0, 0, 0, 0, 0, 0, 0, 0, 0, 0, 0, 0, 8, 3, 28
"c:\Users\dale9\Downloads\QuoteVaultPro\client\src\features\quotes\utils\formatQuoteNumberWithVariant.ts", "TypeScript", 10, 0, 0, 0, 0, 0, 0, 0, 0, 0, 0, 0, 0, 0, 0, 0, 6, 16
"c:\Users\dale9\Downloads\QuoteVaultPro\client\src\hooks\portal\useProofToken.ts", "TypeScript", 103, 0, 0, 0, 0, 0, 0, 0, 0, 0, 0, 0, 0, 0, 0, 6, 14, 123
"c:\Users\dale9\Downloads\QuoteVaultPro\client\src\hooks\use-mobile.tsx", "TypeScript JSX", 0, 15, 0, 0, 0, 0, 0, 0, 0, 0, 0, 0, 0, 0, 0, 0, 5, 20
"c:\Users\dale9\Downloads\QuoteVaultPro\client\src\hooks\use-toast.ts", "TypeScript", 159, 0, 0, 0, 0, 0, 0, 0, 0, 0, 0, 0, 0, 0, 0, 2, 31, 192
"c:\Users\dale9\Downloads\QuoteVaultPro\client\src\hooks\useAuth.ts", "TypeScript", 89, 0, 0, 0, 0, 0, 0, 0, 0, 0, 0, 0, 0, 0, 0, 8, 19, 116
"c:\Users\dale9\Downloads\QuoteVaultPro\client\src\hooks\useContacts.ts", "TypeScript", 178, 0, 0, 0, 0, 0, 0, 0, 0, 0, 0, 0, 0, 0, 0, 11, 23, 212
"c:\Users\dale9\Downloads\QuoteVaultPro\client\src\hooks\useCustomer.ts", "TypeScript", 115, 0, 0, 0, 0, 0, 0, 0, 0, 0, 0, 0, 0, 0, 0, 6, 10, 131
"c:\Users\dale9\Downloads\QuoteVaultPro\client\src\hooks\useDashboardSelection.ts", "TypeScript", 19, 0, 0, 0, 0, 0, 0, 0, 0, 0, 0, 0, 0, 0, 0, 0, 5, 24
"c:\Users\dale9\Downloads\QuoteVaultPro\client\src\hooks\useDashboardSummary.ts", "TypeScript", 51, 0, 0, 0, 0, 0, 0, 0, 0, 0, 0, 0, 0, 0, 0, 0, 6, 57
"c:\Users\dale9\Downloads\QuoteVaultPro\client\src\hooks\useFulfillment.ts", "TypeScript", 236, 0, 0, 0, 0, 0, 0, 0, 0, 0, 0, 0, 0, 0, 0, 0, 28, 264
"c:\Users\dale9\Downloads\QuoteVaultPro\client\src\hooks\useGlobalSearch.ts", "TypeScript", 75, 0, 0, 0, 0, 0, 0, 0, 0, 0, 0, 0, 0, 0, 0, 3, 18, 96
"c:\Users\dale9\Downloads\QuoteVaultPro\client\src\hooks\useInvoices.ts", "TypeScript", 435, 0, 0, 0, 0, 0, 0, 0, 0, 0, 0, 0, 0, 0, 0, 20, 28, 483
"c:\Users\dale9\Downloads\QuoteVaultPro\client\src\hooks\useJobs.ts", "TypeScript", 226, 0, 0, 0, 0, 0, 0, 0, 0, 0, 0, 0, 0, 0, 0, 2, 18, 246
"c:\Users\dale9\Downloads\QuoteVaultPro\client\src\hooks\useListViewSettings.ts", "TypeScript", 48, 0, 0, 0, 0, 0, 0, 0, 0, 0, 0, 0, 0, 0, 0, 1, 12, 61
"c:\Users\dale9\Downloads\QuoteVaultPro\client\src\hooks\useManualReservations.ts", "TypeScript", 79, 0, 0, 0, 0, 0, 0, 0, 0, 0, 0, 0, 0, 0, 0, 0, 12, 91
"c:\Users\dale9\Downloads\QuoteVaultPro\client\src\hooks\useMaterials.ts", "TypeScript", 495, 0, 0, 0, 0, 0, 0, 0, 0, 0, 0, 0, 0, 0, 0, 3, 34, 532
"c:\Users\dale9\Downloads\QuoteVaultPro\client\src\hooks\useOrderAttachments.ts", "TypeScript", 32, 0, 0, 0, 0, 0, 0, 0, 0, 0, 0, 0, 0, 0, 0, 0, 6, 38
"c:\Users\dale9\Downloads\QuoteVaultPro\client\src\hooks\useOrderFiles.ts", "TypeScript", 250, 0, 0, 0, 0, 0, 0, 0, 0, 0, 0, 0, 0, 0, 0, 51, 42, 343
"c:\Users\dale9\Downloads\QuoteVaultPro\client\src\hooks\useOrderLineItemPreviews.ts", "TypeScript", 23, 0, 0, 0, 0, 0, 0, 0, 0, 0, 0, 0, 0, 0, 0, 0, 3, 26
"c:\Users\dale9\Downloads\QuoteVaultPro\client\src\hooks\useOrderState.ts", "TypeScript", 118, 0, 0, 0, 0, 0, 0, 0, 0, 0, 0, 0, 0, 0, 0, 27, 17, 162
"c:\Users\dale9\Downloads\QuoteVaultPro\client\src\hooks\useOrderStatusPills.ts", "TypeScript", 222, 0, 0, 0, 0, 0, 0, 0, 0, 0, 0, 0, 0, 0, 0, 31, 32, 285
"c:\Users\dale9\Downloads\QuoteVaultPro\client\src\hooks\useOrders.ts", "TypeScript", 933, 0, 0, 0, 0, 0, 0, 0, 0, 0, 0, 0, 0, 0, 0, 67, 98, 1098
"c:\Users\dale9\Downloads\QuoteVaultPro\client\src\hooks\useOrgPreferences.ts", "TypeScript", 131, 0, 0, 0, 0, 0, 0, 0, 0, 0, 0, 0, 0, 0, 0, 5, 18, 154
"c:\Users\dale9\Downloads\QuoteVaultPro\client\src\hooks\usePageVisible.ts", "TypeScript", 12, 0, 0, 0, 0, 0, 0, 0, 0, 0, 0, 0, 0, 0, 0, 8, 4, 24
"c:\Users\dale9\Downloads\QuoteVaultPro\client\src\hooks\usePortal.ts", "TypeScript", 444, 0, 0, 0, 0, 0, 0, 0, 0, 0, 0, 0, 0, 0, 0, 0, 55, 499
"c:\Users\dale9\Downloads\QuoteVaultPro\client\src\hooks\usePrepress.tsx", "TypeScript JSX", 0, 175, 0, 0, 0, 0, 0, 0, 0, 0, 0, 0, 0, 0, 0, 32, 30, 237
"c:\Users\dale9\Downloads\QuoteVaultPro\client\src\hooks\usePricingFormulas.ts", "TypeScript", 132, 0, 0, 0, 0, 0, 0, 0, 0, 0, 0, 0, 0, 0, 0, 0, 12, 144
"c:\Users\dale9\Downloads\QuoteVaultPro\client\src\hooks\useProductBuilderDraft.ts", "TypeScript", 71, 0, 0, 0, 0, 0, 0, 0, 0, 0, 0, 0, 0, 0, 0, 8, 14, 93
"c:\Users\dale9\Downloads\QuoteVaultPro\client\src\hooks\useProductTypes.ts", "TypeScript", 103, 0, 0, 0, 0, 0, 0, 0, 0, 0, 0, 0, 0, 0, 0, 0, 9, 112
"c:\Users\dale9\Downloads\QuoteVaultPro\client\src\hooks\useProduction.ts", "TypeScript", 660, 0, 0, 0, 0, 0, 0, 0, 0, 0, 0, 0, 0, 0, 0, 27, 35, 722
"c:\Users\dale9\Downloads\QuoteVaultPro\client\src\hooks\useProductionSettings.ts", "TypeScript", 168, 0, 0, 0, 0, 0, 0, 0, 0, 0, 0, 0, 0, 0, 0, 1, 16, 185
"c:\Users\dale9\Downloads\QuoteVaultPro\client\src\hooks\usePurchaseOrders.ts", "TypeScript", 185, 0, 0, 0, 0, 0, 0, 0, 0, 0, 0, 0, 0, 0, 0, 0, 13, 198
"c:\Users\dale9\Downloads\QuoteVaultPro\client\src\hooks\useQuoteWorkflowState.ts", "TypeScript", 17, 0, 0, 0, 0, 0, 0, 0, 0, 0, 0, 0, 0, 0, 0, 3, 6, 26
"c:\Users\dale9\Downloads\QuoteVaultPro\client\src\hooks\useRuntimeEnvironment.ts", "TypeScript", 34, 0, 0, 0, 0, 0, 0, 0, 0, 0, 0, 0, 0, 0, 0, 0, 7, 41
"c:\Users\dale9\Downloads\QuoteVaultPro\client\src\hooks\useShipments.ts", "TypeScript", 137, 0, 0, 0, 0, 0, 0, 0, 0, 0, 0, 0, 0, 0, 0, 7, 13, 157
"c:\Users\dale9\Downloads\QuoteVaultPro\client\src\hooks\useSmartBack.ts", "TypeScript", 39, 0, 0, 0, 0, 0, 0, 0, 0, 0, 0, 0, 0, 0, 0, 0, 10, 49
"c:\Users\dale9\Downloads\QuoteVaultPro\client\src\hooks\useStationPrinter.ts", "TypeScript", 50, 0, 0, 0, 0, 0, 0, 0, 0, 0, 0, 0, 0, 0, 0, 10, 8, 68
"c:\Users\dale9\Downloads\QuoteVaultPro\client\src\hooks\useStorageSettings.ts", "TypeScript", 224, 0, 0, 0, 0, 0, 0, 0, 0, 0, 0, 0, 0, 0, 0, 0, 21, 245
"c:\Users\dale9\Downloads\QuoteVaultPro\client\src\hooks\useTableColumnConfig.ts", "TypeScript", 55, 0, 0, 0, 0, 0, 0, 0, 0, 0, 0, 0, 0, 0, 0, 1, 10, 66
"c:\Users\dale9\Downloads\QuoteVaultPro\client\src\hooks\useTheme.tsx", "TypeScript JSX", 0, 75, 0, 0, 0, 0, 0, 0, 0, 0, 0, 0, 0, 0, 0, 8, 11, 94
"c:\Users\dale9\Downloads\QuoteVaultPro\client\src\hooks\useUserPreferences.ts", "TypeScript", 41, 0, 0, 0, 0, 0, 0, 0, 0, 0, 0, 0, 0, 0, 0, 8, 14, 63
"c:\Users\dale9\Downloads\QuoteVaultPro\client\src\hooks\useVendors.ts", "TypeScript", 119, 0, 0, 0, 0, 0, 0, 0, 0, 0, 0, 0, 0, 0, 0, 0, 9, 128
"c:\Users\dale9\Downloads\QuoteVaultPro\client\src\index.css", "PostCSS", 0, 0, 0, 0, 0, 350, 0, 0, 0, 0, 0, 0, 0, 0, 0, 25, 87, 462
"c:\Users\dale9\Downloads\QuoteVaultPro\client\src\lib\__tests__\productionHelpers.test.ts", "TypeScript", 92, 0, 0, 0, 0, 0, 0, 0, 0, 0, 0, 0, 0, 0, 0, 12, 22, 126
"c:\Users\dale9\Downloads\QuoteVaultPro\client\src\lib\apiConfig.ts", "TypeScript", 117, 0, 0, 0, 0, 0, 0, 0, 0, 0, 0, 0, 0, 0, 0, 15, 31, 163
"c:\Users\dale9\Downloads\QuoteVaultPro\client\src\lib\api\me.ts", "TypeScript", 35, 0, 0, 0, 0, 0, 0, 0, 0, 0, 0, 0, 0, 0, 0, 6, 8, 49
"c:\Users\dale9\Downloads\QuoteVaultPro\client\src\lib\api\platform.ts", "TypeScript", 78, 0, 0, 0, 0, 0, 0, 0, 0, 0, 0, 0, 0, 0, 0, 25, 15, 118
"c:\Users\dale9\Downloads\QuoteVaultPro\client\src\lib\appEnv.ts", "TypeScript", 18, 0, 0, 0, 0, 0, 0, 0, 0, 0, 0, 0, 0, 0, 0, 27, 7, 52
"c:\Users\dale9\Downloads\QuoteVaultPro\client\src\lib\assetUrlCache.ts", "TypeScript", 29, 0, 0, 0, 0, 0, 0, 0, 0, 0, 0, 0, 0, 0, 0, 22, 7, 58
"c:\Users\dale9\Downloads\QuoteVaultPro\client\src\lib\attachmentViewer.ts", "TypeScript", 77, 0, 0, 0, 0, 0, 0, 0, 0, 0, 0, 0, 0, 0, 0, 0, 10, 87
"c:\Users\dale9\Downloads\QuoteVaultPro\client\src\lib\attachments.ts", "TypeScript", 54, 0, 0, 0, 0, 0, 0, 0, 0, 0, 0, 0, 0, 0, 0, 35, 18, 107
"c:\Users\dale9\Downloads\QuoteVaultPro\client\src\lib\attachments\attachmentStatus.ts", "TypeScript", 89, 0, 0, 0, 0, 0, 0, 0, 0, 0, 0, 0, 0, 0, 0, 43, 26, 158
"c:\Users\dale9\Downloads\QuoteVaultPro\client\src\lib\attachments\orderFileRows.ts", "TypeScript", 99, 0, 0, 0, 0, 0, 0, 0, 0, 0, 0, 0, 0, 0, 0, 0, 12, 111
"c:\Users\dale9\Downloads\QuoteVaultPro\client\src\lib\attachments\quoteLineItemRows.ts", "TypeScript", 58, 0, 0, 0, 0, 0, 0, 0, 0, 0, 0, 0, 0, 0, 0, 0, 7, 65
"c:\Users\dale9\Downloads\QuoteVaultPro\client\src\lib\authUtils.ts", "TypeScript", 3, 0, 0, 0, 0, 0, 0, 0, 0, 0, 0, 0, 0, 0, 0, 0, 1, 4
"c:\Users\dale9\Downloads\QuoteVaultPro\client\src\lib\branding.ts", "TypeScript", 9, 0, 0, 0, 0, 0, 0, 0, 0, 0, 0, 0, 0, 0, 0, 0, 3, 12
"c:\Users\dale9\Downloads\QuoteVaultPro\client\src\lib\config\storage.ts", "TypeScript", 11, 0, 0, 0, 0, 0, 0, 0, 0, 0, 0, 0, 0, 0, 0, 1, 3, 15
"c:\Users\dale9\Downloads\QuoteVaultPro\client\src\lib\downloadFile.ts", "TypeScript", 117, 0, 0, 0, 0, 0, 0, 0, 0, 0, 0, 0, 0, 0, 0, 23, 22, 162
"c:\Users\dale9\Downloads\QuoteVaultPro\client\src\lib\fileUtils.ts", "TypeScript", 61, 0, 0, 0, 0, 0, 0, 0, 0, 0, 0, 0, 0, 0, 0, 25, 14, 100
"c:\Users\dale9\Downloads\QuoteVaultPro\client\src\lib\getThumbSrc.ts", "TypeScript", 71, 0, 0, 0, 0, 0, 0, 0, 0, 0, 0, 0, 0, 0, 0, 22, 20, 113
"c:\Users\dale9\Downloads\QuoteVaultPro\client\src\lib\lineItems\lineItemDerivation.ts", "TypeScript", 83, 0, 0, 0, 0, 0, 0, 0, 0, 0, 0, 0, 0, 0, 0, 2, 16, 101
"c:\Users\dale9\Downloads\QuoteVaultPro\client\src\lib\materialWeightDisplay.test.ts", "TypeScript", 28, 0, 0, 0, 0, 0, 0, 0, 0, 0, 0, 0, 0, 0, 0, 0, 4, 32
"c:\Users\dale9\Downloads\QuoteVaultPro\client\src\lib\materialWeightDisplay.ts", "TypeScript", 37, 0, 0, 0, 0, 0, 0, 0, 0, 0, 0, 0, 0, 0, 0, 0, 7, 44
"c:\Users\dale9\Downloads\QuoteVaultPro\client\src\lib\nav.ts", "TypeScript", 64, 0, 0, 0, 0, 0, 0, 0, 0, 0, 0, 0, 0, 0, 0, 4, 5, 73
"c:\Users\dale9\Downloads\QuoteVaultPro\client\src\lib\nav\browserRouterSync.test.ts", "TypeScript", 17, 0, 0, 0, 0, 0, 0, 0, 0, 0, 0, 0, 0, 0, 0, 0, 5, 22
"c:\Users\dale9\Downloads\QuoteVaultPro\client\src\lib\nav\browserRouterSync.ts", "TypeScript", 40, 0, 0, 0, 0, 0, 0, 0, 0, 0, 0, 0, 0, 0, 0, 6, 7, 53
"c:\Users\dale9\Downloads\QuoteVaultPro\client\src\lib\nav\smartBack.ts", "TypeScript", 36, 0, 0, 0, 0, 0, 0, 0, 0, 0, 0, 0, 0, 0, 0, 0, 5, 41
"c:\Users\dale9\Downloads\QuoteVaultPro\client\src\lib\optionChoiceValidation.ts", "TypeScript", 20, 0, 0, 0, 0, 0, 0, 0, 0, 0, 0, 0, 0, 0, 0, 0, 6, 26
"c:\Users\dale9\Downloads\QuoteVaultPro\client\src\lib\optionTreeV2PricingCodec.ts", "TypeScript", 133, 0, 0, 0, 0, 0, 0, 0, 0, 0, 0, 0, 0, 0, 0, 20, 13, 166
"c:\Users\dale9\Downloads\QuoteVaultPro\client\src\lib\orderProofUi.ts", "TypeScript", 33, 0, 0, 0, 0, 0, 0, 0, 0, 0, 0, 0, 0, 0, 0, 0, 2, 35
"c:\Users\dale9\Downloads\QuoteVaultPro\client\src\lib\orderUtils.ts", "TypeScript", 28, 0, 0, 0, 0, 0, 0, 0, 0, 0, 0, 0, 0, 0, 0, 20, 8, 56
"c:\Users\dale9\Downloads\QuoteVaultPro\client\src\lib\pbv2Utils.ts", "TypeScript", 131, 0, 0, 0, 0, 0, 0, 0, 0, 0, 0, 0, 0, 0, 0, 19, 28, 178
"c:\Users\dale9\Downloads\QuoteVaultPro\client\src\lib\pbv2\currency.ts", "TypeScript", 25, 0, 0, 0, 0, 0, 0, 0, 0, 0, 0, 0, 0, 0, 0, 0, 5, 30
"c:\Users\dale9\Downloads\QuoteVaultPro\client\src\lib\pbv2\pbv2Outputs.ts", "TypeScript", 10, 0, 0, 0, 0, 0, 0, 0, 0, 0, 0, 0, 0, 0, 0, 0, 2, 12
"c:\Users\dale9\Downloads\QuoteVaultPro\client\src\lib\pbv2\pbv2ViewModel.ts", "TypeScript", 1408, 0, 0, 0, 0, 0, 0, 0, 0, 0, 0, 0, 0, 0, 0, 292, 257, 1957
"c:\Users\dale9\Downloads\QuoteVaultPro\client\src\lib\pbv2\pricing\geometryWarning.ts", "TypeScript", 58, 0, 0, 0, 0, 0, 0, 0, 0, 0, 0, 0, 0, 0, 0, 0, 14, 72
"c:\Users\dale9\Downloads\QuoteVaultPro\client\src\lib\pbv2\pricing\previewError.ts", "TypeScript", 390, 0, 0, 0, 0, 0, 0, 0, 0, 0, 0, 0, 0, 0, 0, 79, 46, 515
"c:\Users\dale9\Downloads\QuoteVaultPro\client\src\lib\pbv2\pricing\pricingImpact.ts", "TypeScript", 252, 0, 0, 0, 0, 0, 0, 0, 0, 0, 0, 0, 0, 0, 0, 47, 39, 338
"c:\Users\dale9\Downloads\QuoteVaultPro\client\src\lib\pbv2\pricing\pricingVariableCatalog.ts", "TypeScript", 73, 0, 0, 0, 0, 0, 0, 0, 0, 0, 0, 0, 0, 0, 0, 0, 4, 77
"c:\Users\dale9\Downloads\QuoteVaultPro\client\src\lib\pdfUrls.ts", "TypeScript", 46, 0, 0, 0, 0, 0, 0, 0, 0, 0, 0, 0, 0, 0, 0, 17, 12, 75
"c:\Users\dale9\Downloads\QuoteVaultPro\client\src\lib\pricingFormulaSelection.ts", "TypeScript", 40, 0, 0, 0, 0, 0, 0, 0, 0, 0, 0, 0, 0, 0, 0, 0, 10, 50
"c:\Users\dale9\Downloads\QuoteVaultPro\client\src\lib\productionBoard.ts", "TypeScript", 116, 0, 0, 0, 0, 0, 0, 0, 0, 0, 0, 0, 0, 0, 0, 0, 22, 138
"c:\Users\dale9\Downloads\QuoteVaultPro\client\src\lib\productionHelpers.ts", "TypeScript", 90, 0, 0, 0, 0, 0, 0, 0, 0, 0, 0, 0, 0, 0, 0, 26, 16, 132
"c:\Users\dale9\Downloads\QuoteVaultPro\client\src\lib\proofingNavigation.ts", "TypeScript", 70, 0, 0, 0, 0, 0, 0, 0, 0, 0, 0, 0, 0, 0, 0, 0, 16, 86
"c:\Users\dale9\Downloads\QuoteVaultPro\client\src\lib\proofingQueueControls.ts", "TypeScript", 78, 0, 0, 0, 0, 0, 0, 0, 0, 0, 0, 0, 0, 0, 0, 0, 13, 91
"c:\Users\dale9\Downloads\QuoteVaultPro\client\src\lib\proofingRecovery.test.ts", "TypeScript", 44, 0, 0, 0, 0, 0, 0, 0, 0, 0, 0, 0, 0, 0, 0, 0, 7, 51
"c:\Users\dale9\Downloads\QuoteVaultPro\client\src\lib\proofingRecovery.ts", "TypeScript", 18, 0, 0, 0, 0, 0, 0, 0, 0, 0, 0, 0, 0, 0, 0, 0, 3, 21
"c:\Users\dale9\Downloads\QuoteVaultPro\client\src\lib\queryClient.ts", "TypeScript", 77, 0, 0, 0, 0, 0, 0, 0, 0, 0, 0, 0, 0, 0, 0, 5, 14, 96
"c:\Users\dale9\Downloads\QuoteVaultPro\client\src\lib\sanitizeDisplayText.ts", "TypeScript", 20, 0, 0, 0, 0, 0, 0, 0, 0, 0, 0, 0, 0, 0, 0, 21, 6, 47
"c:\Users\dale9\Downloads\QuoteVaultPro\client\src\lib\stripeClient.ts", "TypeScript", 14, 0, 0, 0, 0, 0, 0, 0, 0, 0, 0, 0, 0, 0, 0, 18, 6, 38
"c:\Users\dale9\Downloads\QuoteVaultPro\client\src\lib\tests\optionTreeV2PricingCodec.test.ts", "TypeScript", 76, 0, 0, 0, 0, 0, 0, 0, 0, 0, 0, 0, 0, 0, 0, 1, 14, 91
"c:\Users\dale9\Downloads\QuoteVaultPro\client\src\lib\tests\pbv2Currency.test.ts", "TypeScript", 75, 0, 0, 0, 0, 0, 0, 0, 0, 0, 0, 0, 0, 0, 0, 3, 16, 94
"c:\Users\dale9\Downloads\QuoteVaultPro\client\src\lib\tests\pbv2Utils.test.ts", "TypeScript", 74, 0, 0, 0, 0, 0, 0, 0, 0, 0, 0, 0, 0, 0, 0, 0, 9, 83
"c:\Users\dale9\Downloads\QuoteVaultPro\client\src\lib\tests\pbv2ViewModel.choiceCascade.test.ts", "TypeScript", 138, 0, 0, 0, 0, 0, 0, 0, 0, 0, 0, 0, 0, 0, 0, 2, 16, 156
"c:\Users\dale9\Downloads\QuoteVaultPro\client\src\lib\tests\pbv2ViewModel.reorder.test.ts", "TypeScript", 84, 0, 0, 0, 0, 0, 0, 0, 0, 0, 0, 0, 0, 0, 0, 3, 11, 98
"c:\Users\dale9\Downloads\QuoteVaultPro\client\src\lib\tests\pbv2ViewModel.textInput.test.ts", "TypeScript", 80, 0, 0, 0, 0, 0, 0, 0, 0, 0, 0, 0, 0, 0, 0, 0, 9, 89
"c:\Users\dale9\Downloads\QuoteVaultPro\client\src\lib\tests\previewError.test.ts", "TypeScript", 265, 0, 0, 0, 0, 0, 0, 0, 0, 0, 0, 0, 0, 0, 0, 2, 31, 298
"c:\Users\dale9\Downloads\QuoteVaultPro\client\src\lib\tests\pricingFormulaSelection.test.ts", "TypeScript", 24, 0, 0, 0, 0, 0, 0, 0, 0, 0, 0, 0, 0, 0, 0, 0, 4, 28
"c:\Users\dale9\Downloads\QuoteVaultPro\client\src\lib\tests\pricingImpact.test.ts", "TypeScript", 218, 0, 0, 0, 0, 0, 0, 0, 0, 0, 0, 0, 0, 0, 0, 0, 32, 250
"c:\Users\dale9\Downloads\QuoteVaultPro\client\src\lib\ticketPrintOverrides.test.ts", "TypeScript", 101, 0, 0, 0, 0, 0, 0, 0, 0, 0, 0, 0, 0, 0, 0, 0, 14, 115
"c:\Users\dale9\Downloads\QuoteVaultPro\client\src\lib\ticketPrintOverrides.ts", "TypeScript", 100, 0, 0, 0, 0, 0, 0, 0, 0, 0, 0, 0, 0, 0, 0, 32, 14, 146
"c:\Users\dale9\Downloads\QuoteVaultPro\client\src\lib\ticketRender.test.ts", "TypeScript", 40, 0, 0, 0, 0, 0, 0, 0, 0, 0, 0, 0, 0, 0, 0, 0, 7, 47
"c:\Users\dale9\Downloads\QuoteVaultPro\client\src\lib\ticketRender.ts", "TypeScript", 32, 0, 0, 0, 0, 0, 0, 0, 0, 0, 0, 0, 0, 0, 0, 18, 6, 56
"c:\Users\dale9\Downloads\QuoteVaultPro\client\src\lib\ticketSettings.ts", "TypeScript", 50, 0, 0, 0, 0, 0, 0, 0, 0, 0, 0, 0, 0, 0, 0, 19, 11, 80
"c:\Users\dale9\Downloads\QuoteVaultPro\client\src\lib\ui\persistExpandedLineItem.ts", "TypeScript", 34, 0, 0, 0, 0, 0, 0, 0, 0, 0, 0, 0, 0, 0, 0, 29, 5, 68
"c:\Users\dale9\Downloads\QuoteVaultPro\client\src\lib\ui\persistScrollPosition.ts", "TypeScript", 26, 0, 0, 0, 0, 0, 0, 0, 0, 0, 0, 0, 0, 0, 0, 22, 5, 53
"c:\Users\dale9\Downloads\QuoteVaultPro\client\src\lib\uploads\chunkedAttachmentUpload.ts", "TypeScript", 107, 0, 0, 0, 0, 0, 0, 0, 0, 0, 0, 0, 0, 0, 0, 0, 21, 128
"c:\Users\dale9\Downloads\QuoteVaultPro\client\src\lib\uploads\fileToBase64.ts", "TypeScript", 20, 0, 0, 0, 0, 0, 0, 0, 0, 0, 0, 0, 0, 0, 0, 1, 5, 26
"c:\Users\dale9\Downloads\QuoteVaultPro\client\src\lib\utils.ts", "TypeScript", 28, 0, 0, 0, 0, 0, 0, 0, 0, 0, 0, 0, 0, 0, 0, 7, 9, 44
"c:\Users\dale9\Downloads\QuoteVaultPro\client\src\lib\viewUrlForIframe.ts", "TypeScript", 41, 0, 0, 0, 0, 0, 0, 0, 0, 0, 0, 0, 0, 0, 0, 16, 13, 70
"c:\Users\dale9\Downloads\QuoteVaultPro\client\src\main.tsx", "TypeScript JSX", 0, 51, 0, 0, 0, 0, 0, 0, 0, 0, 0, 0, 0, 0, 0, 0, 13, 64
"c:\Users\dale9\Downloads\QuoteVaultPro\client\src\pages\ApprovalsPage.tsx", "TypeScript JSX", 0, 309, 0, 0, 0, 0, 0, 0, 0, 0, 0, 0, 0, 0, 0, 5, 15, 329
"c:\Users\dale9\Downloads\QuoteVaultPro\client\src\pages\DesignProductionPage.tsx", "TypeScript JSX", 0, 1328, 0, 0, 0, 0, 0, 0, 0, 0, 0, 0, 0, 0, 0, 1, 107, 1436
"c:\Users\dale9\Downloads\QuoteVaultPro\client\src\pages\PrepressProductionPage.tsx", "TypeScript JSX", 0, 440, 0, 0, 0, 0, 0, 0, 0, 0, 0, 0, 0, 0, 0, 21, 29, 490
"c:\Users\dale9\Downloads\QuoteVaultPro\client\src\pages\PrepressProductionPageV2.tsx", "TypeScript JSX", 0, 2063, 0, 0, 0, 0, 0, 0, 0, 0, 0, 0, 0, 0, 0, 35, 142, 2240
"c:\Users\dale9\Downloads\QuoteVaultPro\client\src\pages\ProductEditorPage.tsx", "TypeScript JSX", 0, 1043, 0, 0, 0, 0, 0, 0, 0, 0, 0, 0, 0, 0, 0, 65, 109, 1217
"c:\Users\dale9\Downloads\QuoteVaultPro\client\src\pages\SelectOrgPage.tsx", "TypeScript JSX", 0, 107, 0, 0, 0, 0, 0, 0, 0, 0, 0, 0, 0, 0, 0, 2, 11, 120
"c:\Users\dale9\Downloads\QuoteVaultPro\client\src\pages\StaffProofingPage.tsx", "TypeScript JSX", 0, 2117, 0, 0, 0, 0, 0, 0, 0, 0, 0, 0, 0, 0, 0, 25, 151, 2293
"c:\Users\dale9\Downloads\QuoteVaultPro\client\src\pages\accept-invite.tsx", "TypeScript JSX", 0, 231, 0, 0, 0, 0, 0, 0, 0, 0, 0, 0, 0, 0, 0, 25, 30, 286
"c:\Users\dale9\Downloads\QuoteVaultPro\client\src\pages\admin-dashboard.tsx", "TypeScript JSX", 0, 4, 0, 0, 0, 0, 0, 0, 0, 0, 0, 0, 0, 0, 0, 0, 2, 6
"c:\Users\dale9\Downloads\QuoteVaultPro\client\src\pages\admin-users.tsx", "TypeScript JSX", 0, 393, 0, 0, 0, 0, 0, 0, 0, 0, 0, 0, 0, 0, 0, 0, 20, 413
"c:\Users\dale9\Downloads\QuoteVaultPro\client\src\pages\admin.tsx", "TypeScript JSX", 0, 45, 0, 0, 0, 0, 0, 0, 0, 0, 0, 0, 0, 0, 0, 0, 6, 51
"c:\Users\dale9\Downloads\QuoteVaultPro\client\src\pages\admin\BugReportsPage.tsx", "TypeScript JSX", 0, 523, 0, 0, 0, 0, 0, 0, 0, 0, 0, 0, 0, 0, 0, 17, 47, 587
"c:\Users\dale9\Downloads\QuoteVaultPro\client\src\pages\admin\MaterialsImportExport.tsx", "TypeScript JSX", 0, 894, 0, 0, 0, 0, 0, 0, 0, 0, 0, 0, 0, 0, 0, 44, 65, 1003
"c:\Users\dale9\Downloads\QuoteVaultPro\client\src\pages\admin\PricingAuditPage.tsx", "TypeScript JSX", 0, 804, 0, 0, 0, 0, 0, 0, 0, 0, 0, 0, 0, 0, 0, 34, 47, 885
"c:\Users\dale9\Downloads\QuoteVaultPro\client\src\pages\admin\ProductImportExport.tsx", "TypeScript JSX", 0, 447, 0, 0, 0, 0, 0, 0, 0, 0, 0, 0, 0, 0, 0, 17, 29, 493
"c:\Users\dale9\Downloads\QuoteVaultPro\client\src\pages\admin\QBCustomerInspectorPage.tsx", "TypeScript JSX", 0, 399, 0, 0, 0, 0, 0, 0, 0, 0, 0, 0, 0, 0, 0, 30, 36, 465
"c:\Users\dale9\Downloads\QuoteVaultPro\client\src\pages\admin\QBInvoiceInspectorPage.tsx", "TypeScript JSX", 0, 473, 0, 0, 0, 0, 0, 0, 0, 0, 0, 0, 0, 0, 0, 32, 43, 548
"c:\Users\dale9\Downloads\QuoteVaultPro\client\src\pages\audit-logs.tsx", "TypeScript JSX", 0, 295, 0, 0, 0, 0, 0, 0, 0, 0, 0, 0, 0, 0, 0, 2, 22, 319
"c:\Users\dale9\Downloads\QuoteVaultPro\client\src\pages\byos.tsx", "TypeScript JSX", 0, 332, 0, 0, 0, 0, 0, 0, 0, 0, 0, 0, 0, 0, 0, 0, 15, 347
"c:\Users\dale9\Downloads\QuoteVaultPro\client\src\pages\company-settings.tsx", "TypeScript JSX", 0, 272, 0, 0, 0, 0, 0, 0, 0, 0, 0, 0, 0, 0, 0, 3, 23, 298
"c:\Users\dale9\Downloads\QuoteVaultPro\client\src\pages\contact-detail.tsx", "TypeScript JSX", 0, 805, 0, 0, 0, 0, 0, 0, 0, 0, 0, 0, 0, 0, 0, 44, 53, 902
"c:\Users\dale9\Downloads\QuoteVaultPro\client\src\pages\contacts.tsx", "TypeScript JSX", 0, 676, 0, 0, 0, 0, 0, 0, 0, 0, 0, 0, 0, 0, 0, 20, 29, 725
"c:\Users\dale9\Downloads\QuoteVaultPro\client\src\pages\create-order.tsx", "TypeScript JSX", 0, 72, 0, 0, 0, 0, 0, 0, 0, 0, 0, 0, 0, 0, 0, 3, 6, 81
"c:\Users\dale9\Downloads\QuoteVaultPro\client\src\pages\create-quote.tsx", "TypeScript JSX", 0, 74, 0, 0, 0, 0, 0, 0, 0, 0, 0, 0, 0, 0, 0, 2, 5, 81
"c:\Users\dale9\Downloads\QuoteVaultPro\client\src\pages\customer-detail-enhanced.tsx", "TypeScript JSX", 0, 27, 0, 0, 0, 0, 0, 0, 0, 0, 0, 0, 0, 0, 0, 7, 6, 40
"c:\Users\dale9\Downloads\QuoteVaultPro\client\src\pages\customer-detail.tsx", "TypeScript JSX", 0, 656, 0, 0, 0, 0, 0, 0, 0, 0, 0, 0, 0, 0, 0, 6, 37, 699
"c:\Users\dale9\Downloads\QuoteVaultPro\client\src\pages\customer-quotes.tsx", "TypeScript JSX", 0, 250, 0, 0, 0, 0, 0, 0, 0, 0, 0, 0, 0, 0, 0, 1, 18, 269
"c:\Users\dale9\Downloads\QuoteVaultPro\client\src\pages\customers.tsx", "TypeScript JSX", 0, 243, 0, 0, 0, 0, 0, 0, 0, 0, 0, 0, 0, 0, 0, 37, 30, 310
"c:\Users\dale9\Downloads\QuoteVaultPro\client\src\pages\debug-user.tsx", "TypeScript JSX", 0, 45, 0, 0, 0, 0, 0, 0, 0, 0, 0, 0, 0, 0, 0, 0, 5, 50
"c:\Users\dale9\Downloads\QuoteVaultPro\client\src\pages\dev\DevLineItemRowEnterprisePreview.tsx", "TypeScript JSX", 0, 143, 0, 0, 0, 0, 0, 0, 0, 0, 0, 0, 0, 0, 0, 0, 19, 162
"c:\Users\dale9\Downloads\QuoteVaultPro\client\src\pages\edit-quote.tsx", "TypeScript JSX", 0, 1057, 0, 0, 0, 0, 0, 0, 0, 0, 0, 0, 0, 0, 0, 43, 75, 1175
"c:\Users\dale9\Downloads\QuoteVaultPro\client\src\pages\finance.tsx", "TypeScript JSX", 0, 17, 0, 0, 0, 0, 0, 0, 0, 0, 0, 0, 0, 0, 0, 0, 2, 19
"c:\Users\dale9\Downloads\QuoteVaultPro\client\src\pages\force-password-change.tsx", "TypeScript JSX", 0, 128, 0, 0, 0, 0, 0, 0, 0, 0, 0, 0, 0, 0, 0, 3, 16, 147
"c:\Users\dale9\Downloads\QuoteVaultPro\client\src\pages\forgot-password.tsx", "TypeScript JSX", 0, 173, 0, 0, 0, 0, 0, 0, 0, 0, 0, 0, 0, 0, 0, 2, 14, 189
"c:\Users\dale9\Downloads\QuoteVaultPro\client\src\pages\fulfillment-shipment-detail.tsx", "TypeScript JSX", 0, 665, 0, 0, 0, 0, 0, 0, 0, 0, 0, 0, 0, 0, 0, 0, 54, 719
"c:\Users\dale9\Downloads\QuoteVaultPro\client\src\pages\fulfillment.tsx", "TypeScript JSX", 0, 433, 0, 0, 0, 0, 0, 0, 0, 0, 0, 0, 0, 0, 0, 0, 37, 470
"c:\Users\dale9\Downloads\QuoteVaultPro\client\src\pages\home.tsx", "TypeScript JSX", 0, 315, 0, 0, 0, 0, 0, 0, 0, 0, 0, 0, 0, 0, 0, 6, 22, 343
"c:\Users\dale9\Downloads\QuoteVaultPro\client\src\pages\inbound-orders.tsx", "TypeScript JSX", 0, 2862, 0, 0, 0, 0, 0, 0, 0, 0, 0, 0, 0, 0, 0, 0, 220, 3082
"c:\Users\dale9\Downloads\QuoteVaultPro\client\src\pages\internal-quotes.tsx", "TypeScript JSX", 0, 1458, 0, 0, 0, 0, 0, 0, 0, 0, 0, 0, 0, 0, 0, 43, 126, 1627
"c:\Users\dale9\Downloads\QuoteVaultPro\client\src\pages\invoice-detail.tsx", "TypeScript JSX", 0, 2275, 0, 0, 0, 0, 0, 0, 0, 0, 0, 0, 0, 0, 0, 19, 197, 2491
"c:\Users\dale9\Downloads\QuoteVaultPro\client\src\pages\invoices.tsx", "TypeScript JSX", 0, 239, 0, 0, 0, 0, 0, 0, 0, 0, 0, 0, 0, 0, 0, 4, 19, 262
"c:\Users\dale9\Downloads\QuoteVaultPro\client\src\pages\job-detail.tsx", "TypeScript JSX", 0, 254, 0, 0, 0, 0, 0, 0, 0, 0, 0, 0, 0, 0, 0, 15, 20, 289
"c:\Users\dale9\Downloads\QuoteVaultPro\client\src\pages\labels.tsx", "TypeScript JSX", 0, 25, 0, 0, 0, 0, 0, 0, 0, 0, 0, 0, 0, 0, 0, 0, 2, 27
"c:\Users\dale9\Downloads\QuoteVaultPro\client\src\pages\landing.tsx", "TypeScript JSX", 0, 437, 0, 0, 0, 0, 0, 0, 0, 0, 0, 0, 0, 0, 0, 0, 36, 473
"c:\Users\dale9\Downloads\QuoteVaultPro\client\src\pages\login.tsx", "TypeScript JSX", 0, 185, 0, 0, 0, 0, 0, 0, 0, 0, 0, 0, 0, 0, 0, 5, 18, 208
"c:\Users\dale9\Downloads\QuoteVaultPro\client\src\pages\material-detail.tsx", "TypeScript JSX", 0, 165, 0, 0, 0, 0, 0, 0, 0, 0, 0, 0, 0, 0, 0, 3, 10, 178
"c:\Users\dale9\Downloads\QuoteVaultPro\client\src\pages\materials.tsx", "TypeScript JSX", 0, 379, 0, 0, 0, 0, 0, 0, 0, 0, 0, 0, 0, 0, 0, 3, 35, 417
"c:\Users\dale9\Downloads\QuoteVaultPro\client\src\pages\not-found.tsx", "TypeScript JSX", 0, 19, 0, 0, 0, 0, 0, 0, 0, 0, 0, 0, 0, 0, 0, 0, 3, 22
"c:\Users\dale9\Downloads\QuoteVaultPro\client\src\pages\order-detail.tsx", "TypeScript JSX", 0, 3301, 0, 0, 0, 0, 0, 0, 0, 0, 0, 0, 0, 0, 0, 121, 263, 3685
"c:\Users\dale9\Downloads\QuoteVaultPro\client\src\pages\order-new.tsx", "TypeScript JSX", 0, 4, 0, 0, 0, 0, 0, 0, 0, 0, 0, 0, 0, 0, 0, 6, 2, 12
"c:\Users\dale9\Downloads\QuoteVaultPro\client\src\pages\order-traveler.tsx", "TypeScript JSX", 0, 182, 0, 0, 0, 0, 0, 0, 0, 0, 0, 0, 0, 0, 0, 16, 17, 215
"c:\Users\dale9\Downloads\QuoteVaultPro\client\src\pages\orderNavigationGuard.test.ts", "TypeScript", 27, 0, 0, 0, 0, 0, 0, 0, 0, 0, 0, 0, 0, 0, 0, 3, 6, 36
"c:\Users\dale9\Downloads\QuoteVaultPro\client\src\pages\orderNavigationGuard.ts", "TypeScript", 12, 0, 0, 0, 0, 0, 0, 0, 0, 0, 0, 0, 0, 0, 0, 11, 4, 27
"c:\Users\dale9\Downloads\QuoteVaultPro\client\src\pages\orderSaveOrchestration.test.ts", "TypeScript", 87, 0, 0, 0, 0, 0, 0, 0, 0, 0, 0, 0, 0, 0, 0, 0, 9, 96
"c:\Users\dale9\Downloads\QuoteVaultPro\client\src\pages\orderSaveOrchestration.ts", "TypeScript", 26, 0, 0, 0, 0, 0, 0, 0, 0, 0, 0, 0, 0, 0, 0, 14, 7, 47
"c:\Users\dale9\Downloads\QuoteVaultPro\client\src\pages\orders.tsx", "TypeScript JSX", 0, 1226, 0, 0, 0, 0, 0, 0, 0, 0, 0, 0, 0, 0, 0, 41, 123, 1390
"c:\Users\dale9\Downloads\QuoteVaultPro\client\src\pages\platform\PlatformOrgCreatePage.tsx", "TypeScript JSX", 0, 269, 0, 0, 0, 0, 0, 0, 0, 0, 0, 0, 0, 0, 0, 23, 31, 323
"c:\Users\dale9\Downloads\QuoteVaultPro\client\src\pages\portal\dashboard.tsx", "TypeScript JSX", 0, 312, 0, 0, 0, 0, 0, 0, 0, 0, 0, 0, 0, 0, 0, 0, 24, 336
"c:\Users\dale9\Downloads\QuoteVaultPro\client\src\pages\portal\documents.tsx", "TypeScript JSX", 0, 83, 0, 0, 0, 0, 0, 0, 0, 0, 0, 0, 0, 0, 0, 0, 8, 91
"c:\Users\dale9\Downloads\QuoteVaultPro\client\src\pages\portal\invoice-detail.tsx", "TypeScript JSX", 0, 261, 0, 0, 0, 0, 0, 0, 0, 0, 0, 0, 0, 0, 0, 0, 24, 285
"c:\Users\dale9\Downloads\QuoteVaultPro\client\src\pages\portal\invoices.tsx", "TypeScript JSX", 0, 104, 0, 0, 0, 0, 0, 0, 0, 0, 0, 0, 0, 0, 0, 0, 14, 118
"c:\Users\dale9\Downloads\QuoteVaultPro\client\src\pages\portal\my-orders.tsx", "TypeScript JSX", 0, 109, 0, 0, 0, 0, 0, 0, 0, 0, 0, 0, 0, 0, 0, 0, 12, 121
"c:\Users\dale9\Downloads\QuoteVaultPro\client\src\pages\portal\my-quotes.tsx", "TypeScript JSX", 0, 95, 0, 0, 0, 0, 0, 0, 0, 0, 0, 0, 0, 0, 0, 0, 13, 108
"c:\Users\dale9\Downloads\QuoteVaultPro\client\src\pages\portal\order-detail.tsx", "TypeScript JSX", 0, 254, 0, 0, 0, 0, 0, 0, 0, 0, 0, 0, 0, 0, 0, 0, 16, 270
"c:\Users\dale9\Downloads\QuoteVaultPro\client\src\pages\portal\portal-proof.tsx", "TypeScript JSX", 0, 622, 0, 0, 0, 0, 0, 0, 0, 0, 0, 0, 0, 0, 0, 32, 49, 703
"c:\Users\dale9\Downloads\QuoteVaultPro\client\src\pages\portal\proof-detail.tsx", "TypeScript JSX", 0, 183, 0, 0, 0, 0, 0, 0, 0, 0, 0, 0, 0, 0, 0, 0, 13, 196
"c:\Users\dale9\Downloads\QuoteVaultPro\client\src\pages\portal\proofs.tsx", "TypeScript JSX", 0, 89, 0, 0, 0, 0, 0, 0, 0, 0, 0, 0, 0, 0, 0, 0, 9, 98
"c:\Users\dale9\Downloads\QuoteVaultPro\client\src\pages\portal\quote-checkout.tsx", "TypeScript JSX", 0, 4, 0, 0, 0, 0, 0, 0, 0, 0, 0, 0, 0, 0, 0, 0, 3, 7
"c:\Users\dale9\Downloads\QuoteVaultPro\client\src\pages\portal\quote-detail.tsx", "TypeScript JSX", 0, 315, 0, 0, 0, 0, 0, 0, 0, 0, 0, 0, 0, 0, 0, 0, 18, 333
"c:\Users\dale9\Downloads\QuoteVaultPro\client\src\pages\prepress.tsx", "TypeScript JSX", 0, 495, 0, 0, 0, 0, 0, 0, 0, 0, 0, 0, 0, 0, 0, 20, 37, 552
"c:\Users\dale9\Downloads\QuoteVaultPro\client\src\pages\privacy.tsx", "TypeScript JSX", 0, 259, 0, 0, 0, 0, 0, 0, 0, 0, 0, 0, 0, 0, 0, 0, 13, 272
"c:\Users\dale9\Downloads\QuoteVaultPro\client\src\pages\product-builder-v2.tsx", "TypeScript JSX", 0, 19, 0, 0, 0, 0, 0, 0, 0, 0, 0, 0, 0, 0, 0, 6, 5, 30
"c:\Users\dale9\Downloads\QuoteVaultPro\client\src\pages\production-job-detail.tsx", "TypeScript JSX", 0, 735, 0, 0, 0, 0, 0, 0, 0, 0, 0, 0, 0, 0, 0, 33, 64, 832
"c:\Users\dale9\Downloads\QuoteVaultPro\client\src\pages\production-ticket.tsx", "TypeScript JSX", 0, 313, 0, 0, 0, 0, 0, 0, 0, 0, 0, 0, 0, 0, 0, 34, 26, 373
"c:\Users\dale9\Downloads\QuoteVaultPro\client\src\pages\production.tsx", "TypeScript JSX", 0, 248, 0, 0, 0, 0, 0, 0, 0, 0, 0, 0, 0, 0, 0, 14, 29, 291
"c:\Users\dale9\Downloads\QuoteVaultPro\client\src\pages\products.tsx", "TypeScript JSX", 0, 2919, 0, 0, 0, 0, 0, 0, 0, 0, 0, 0, 0, 0, 0, 72, 123, 3114
"c:\Users\dale9\Downloads\QuoteVaultPro\client\src\pages\purchase-order-detail.tsx", "TypeScript JSX", 0, 83, 0, 0, 0, 0, 0, 0, 0, 0, 0, 0, 0, 0, 0, 0, 8, 91
"c:\Users\dale9\Downloads\QuoteVaultPro\client\src\pages\purchase-orders.tsx", "TypeScript JSX", 0, 156, 0, 0, 0, 0, 0, 0, 0, 0, 0, 0, 0, 0, 0, 0, 9, 165
"c:\Users\dale9\Downloads\QuoteVaultPro\client\src\pages\quote-detail.tsx", "TypeScript JSX", 0, 505, 0, 0, 0, 0, 0, 0, 0, 0, 0, 0, 0, 0, 0, 9, 28, 542
"c:\Users\dale9\Downloads\QuoteVaultPro\client\src\pages\quote-editor.tsx", "TypeScript JSX", 0, 31, 0, 0, 0, 0, 0, 0, 0, 0, 0, 0, 0, 0, 0, 9, 10, 50
"c:\Users\dale9\Downloads\QuoteVaultPro\client\src\pages\reports.tsx", "TypeScript JSX", 0, 18, 0, 0, 0, 0, 0, 0, 0, 0, 0, 0, 0, 0, 0, 0, 2, 20
"c:\Users\dale9\Downloads\QuoteVaultPro\client\src\pages\reset-password.tsx", "TypeScript JSX", 0, 219, 0, 0, 0, 0, 0, 0, 0, 0, 0, 0, 0, 0, 0, 0, 21, 240
"c:\Users\dale9\Downloads\QuoteVaultPro\client\src\pages\set-password.tsx", "TypeScript JSX", 0, 173, 0, 0, 0, 0, 0, 0, 0, 0, 0, 0, 0, 0, 0, 4, 17, 194
"c:\Users\dale9\Downloads\QuoteVaultPro\client\src\pages\settings\SettingsLayout.tsx", "TypeScript JSX", 0, 1624, 0, 0, 0, 0, 0, 0, 0, 0, 0, 0, 0, 0, 0, 9, 144, 1777
"c:\Users\dale9\Downloads\QuoteVaultPro\client\src\pages\settings\SetupSettings.tsx", "TypeScript JSX", 0, 172, 0, 0, 0, 0, 0, 0, 0, 0, 0, 0, 0, 0, 0, 6, 15, 193
"c:\Users\dale9\Downloads\QuoteVaultPro\client\src\pages\settings\admin-tools.tsx", "TypeScript JSX", 0, 604, 0, 0, 0, 0, 0, 0, 0, 0, 0, 0, 0, 0, 0, 29, 45, 678
"c:\Users\dale9\Downloads\QuoteVaultPro\client\src\pages\settings\email.tsx", "TypeScript JSX", 0, 367, 0, 0, 0, 0, 0, 0, 0, 0, 0, 0, 0, 0, 0, 15, 28, 410
"c:\Users\dale9\Downloads\QuoteVaultPro\client\src\pages\settings\integrations.tsx", "TypeScript JSX", 0, 1723, 0, 0, 0, 0, 0, 0, 0, 0, 0, 0, 0, 0, 0, 39, 106, 1868
"c:\Users\dale9\Downloads\QuoteVaultPro\client\src\pages\settings\pricing-formulas.tsx", "TypeScript JSX", 0, 1462, 0, 0, 0, 0, 0, 0, 0, 0, 0, 0, 0, 0, 0, 25, 92, 1579
"c:\Users\dale9\Downloads\QuoteVaultPro\client\src\pages\settings\product-types.tsx", "TypeScript JSX", 0, 487, 0, 0, 0, 0, 0, 0, 0, 0, 0, 0, 0, 0, 0, 4, 27, 518
"c:\Users\dale9\Downloads\QuoteVaultPro\client\src\pages\settings\storage.tsx", "TypeScript JSX", 0, 990, 0, 0, 0, 0, 0, 0, 0, 0, 0, 0, 0, 0, 0, 0, 77, 1067
"c:\Users\dale9\Downloads\QuoteVaultPro\client\src\pages\settings\users.tsx", "TypeScript JSX", 0, 4, 0, 0, 0, 0, 0, 0, 0, 0, 0, 0, 0, 0, 0, 0, 2, 6
"c:\Users\dale9\Downloads\QuoteVaultPro\client\src\pages\support.tsx", "TypeScript JSX", 0, 190, 0, 0, 0, 0, 0, 0, 0, 0, 0, 0, 0, 0, 0, 5, 10, 205
"c:\Users\dale9\Downloads\QuoteVaultPro\client\src\pages\terms.tsx", "TypeScript JSX", 0, 195, 0, 0, 0, 0, 0, 0, 0, 0, 0, 0, 0, 0, 0, 0, 15, 210
"c:\Users\dale9\Downloads\QuoteVaultPro\client\src\pages\titan-dashboard.tsx", "TypeScript JSX", 0, 76, 0, 0, 0, 0, 0, 0, 0, 0, 0, 0, 0, 0, 0, 1, 10, 87
"c:\Users\dale9\Downloads\QuoteVaultPro\client\src\pages\user-management.tsx", "TypeScript JSX", 0, 435, 0, 0, 0, 0, 0, 0, 0, 0, 0, 0, 0, 0, 0, 9, 23, 467
"c:\Users\dale9\Downloads\QuoteVaultPro\client\src\pages\vendor-detail.tsx", "TypeScript JSX", 0, 87, 0, 0, 0, 0, 0, 0, 0, 0, 0, 0, 0, 0, 0, 0, 8, 95
"c:\Users\dale9\Downloads\QuoteVaultPro\client\src\pages\vendors.tsx", "TypeScript JSX", 0, 129, 0, 0, 0, 0, 0, 0, 0, 0, 0, 0, 0, 0, 0, 0, 10, 139
"c:\Users\dale9\Downloads\QuoteVaultPro\client\src\tests\orderProofStatus.test.ts", "TypeScript", 86, 0, 0, 0, 0, 0, 0, 0, 0, 0, 0, 0, 0, 0, 0, 0, 12, 98
"c:\Users\dale9\Downloads\QuoteVaultPro\client\src\tests\productionBoard.test.ts", "TypeScript", 56, 0, 0, 0, 0, 0, 0, 0, 0, 0, 0, 0, 0, 0, 0, 0, 12, 68
"c:\Users\dale9\Downloads\QuoteVaultPro\client\src\tests\proofingNavigation.test.ts", "TypeScript", 58, 0, 0, 0, 0, 0, 0, 0, 0, 0, 0, 0, 0, 0, 0, 0, 9, 67
"c:\Users\dale9\Downloads\QuoteVaultPro\client\src\tests\proofingQueueControls.test.ts", "TypeScript", 150, 0, 0, 0, 0, 0, 0, 0, 0, 0, 0, 0, 0, 0, 0, 0, 7, 157
"c:\Users\dale9\Downloads\QuoteVaultPro\client\src\vite-env.d.ts", "TypeScript", 0, 0, 0, 0, 0, 0, 0, 0, 0, 0, 0, 0, 0, 0, 0, 1, 1, 2
"c:\titan-automation\QuoteVaultPro\.anima\conventions.json", "JSON", 0, 0, -1, 0, 0, 0, 0, 0, 0, 0, 0, 0, 0, 0, 0, 0, 0, -1
"c:\titan-automation\QuoteVaultPro\.anima\workspace.json", "JSON", 0, 0, -1, 0, 0, 0, 0, 0, 0, 0, 0, 0, 0, 0, 0, 0, 0, -1
"c:\titan-automation\QuoteVaultPro\.cursor\skills\tianos-prepress-rules\SKILL.md", "Markdown", 0, 0, 0, 0, 0, 0, -6, 0, 0, 0, 0, 0, 0, 0, 0, 0, -3, -9
"c:\titan-automation\QuoteVaultPro\.env", "Dotenv", 0, 0, 0, 0, 0, 0, 0, 0, 0, 0, 0, 0, 0, 0, -19, -15, -9, -43
"c:\titan-automation\QuoteVaultPro\.github\copilot-instructions.md", "Markdown", 0, 0, 0, 0, 0, 0, -279, 0, 0, 0, 0, 0, 0, 0, 0, 0, -56, -335
"c:\titan-automation\QuoteVaultPro\.github\workflows\project-add.yml", "YAML", 0, 0, 0, 0, 0, 0, 0, 0, -14, 0, 0, 0, 0, 0, 0, 0, -3, -17
"c:\titan-automation\QuoteVaultPro\.github\workflows\project-status.yml", "YAML", 0, 0, 0, 0, 0, 0, 0, 0, -175, 0, 0, 0, 0, 0, 0, 0, -32, -207
"c:\titan-automation\QuoteVaultPro\.github\workflows\smoke.yml", "YAML", 0, 0, 0, 0, 0, 0, 0, 0, -8, 0, 0, 0, 0, 0, 0, 0, -3, -11
"c:\titan-automation\QuoteVaultPro\.roo\rules-code\rules.md", "Markdown", 0, 0, 0, 0, 0, 0, 0, 0, 0, 0, 0, 0, 0, 0, 0, 0, -1, -1
"c:\titan-automation\QuoteVaultPro\.zencoder\rules\repo.md", "Markdown", 0, 0, 0, 0, 0, 0, -49, 0, 0, 0, 0, 0, 0, 0, 0, 0, -9, -58
"c:\titan-automation\QuoteVaultPro\ADMIN_OVERRIDE_TERMINAL_ORDERS.md", "Markdown", 0, 0, 0, 0, 0, 0, -108, 0, 0, 0, 0, 0, 0, 0, 0, 0, -24, -132
"c:\titan-automation\QuoteVaultPro\ARTWORK_PIPELINE_IMPLEMENTATION.md", "Markdown", 0, 0, 0, 0, 0, 0, -94, 0, 0, 0, 0, 0, 0, 0, 0, 0, -30, -124
"c:\titan-automation\QuoteVaultPro\ASSET_PIPELINE_PHASE1_COMPLETE.md", "Markdown", 0, 0, 0, 0, 0, 0, -221, 0, 0, 0, 0, 0, 0, 0, 0, 0, -54, -275
"c:\titan-automation\QuoteVaultPro\ASSET_PIPELINE_PHASE2_TESTING.md", "Markdown", 0, 0, 0, 0, 0, 0, -299, 0, 0, 0, 0, 0, 0, 0, 0, 0, -69, -368
"c:\titan-automation\QuoteVaultPro\ASSET_PIPELINE_SUMMARY.md", "Markdown", 0, 0, 0, 0, 0, 0, -328, 0, 0, 0, 0, 0, 0, 0, 0, 0, -103, -431
"c:\titan-automation\QuoteVaultPro\CONFIG_ERROR_HANDLING.md", "Markdown", 0, 0, 0, 0, 0, 0, -69, 0, 0, 0, 0, 0, 0, 0, 0, 0, -21, -90
"c:\titan-automation\QuoteVaultPro\CONTRIBUTING.md", "Markdown", 0, 0, 0, 0, 0, 0, -171, 0, 0, 0, 0, 0, 0, 0, 0, 0, -60, -231
"c:\titan-automation\QuoteVaultPro\DEPLOYMENT_CHECKLIST.md", "Markdown", 0, 0, 0, 0, 0, 0, -9, 0, 0, 0, 0, 0, 0, 0, 0, 0, -2, -11
"c:\titan-automation\QuoteVaultPro\DEPLOYMENT_SUMMARY.md", "Markdown", 0, 0, 0, 0, 0, 0, -95, 0, 0, 0, 0, 0, 0, 0, 0, 0, -30, -125
"c:\titan-automation\QuoteVaultPro\EMAIL_SETTINGS_INVESTIGATION.md", "Markdown", 0, 0, 0, 0, 0, 0, -215, 0, 0, 0, 0, 0, 0, 0, 0, 0, -84, -299
"c:\titan-automation\QuoteVaultPro\EMAIL_SETTINGS_UI_RESTORATION.md", "Markdown", 0, 0, 0, 0, 0, 0, -186, 0, 0, 0, 0, 0, 0, 0, 0, 0, -85, -271
"c:\titan-automation\QuoteVaultPro\ENHANCED_OPTIONS_IMPLEMENTATION.md", "Markdown", 0, 0, 0, 0, 0, 0, -349, 0, 0, 0, 0, 0, 0, 0, 0, 0, -78, -427
"c:\titan-automation\QuoteVaultPro\INVOICE_SEND_AND_THUMBNAILS_FIX.md", "Markdown", 0, 0, 0, 0, 0, 0, -151, 0, 0, 0, 0, 0, 0, 0, 0, 0, -70, -221
"c:\titan-automation\QuoteVaultPro\KernalInstructionsTitanOS.md", "Markdown", 0, 0, 0, 0, 0, 0, -108, 0, 0, 0, 0, 0, 0, 0, 0, 0, -24, -132
"c:\titan-automation\QuoteVaultPro\KernalTitanOSSHORT.md", "Markdown", 0, 0, 0, 0, 0, 0, -23, 0, 0, 0, 0, 0, 0, 0, 0, 0, -6, -29
"c:\titan-automation\QuoteVaultPro\LAMINATION_DISPLAY_VISUAL_REFERENCE.md", "Markdown", 0, 0, 0, 0, 0, 0, -170, 0, 0, 0, 0, 0, 0, 0, 0, 0, -45, -215
"c:\titan-automation\QuoteVaultPro\MIGRATION_0012_VERIFICATION.md", "Markdown", 0, 0, 0, 0, 0, 0, -133, 0, 0, 0, 0, 0, 0, 0, 0, 0, -53, -186
"c:\titan-automation\QuoteVaultPro\MULTI_MATERIAL_TRACKING.md", "Markdown", 0, 0, 0, 0, 0, 0, -379, 0, 0, 0, 0, 0, 0, 0, 0, 0, -102, -481
"c:\titan-automation\QuoteVaultPro\NAVIGATION_AUDIT_RESULTS.md", "Markdown", 0, 0, 0, 0, 0, 0, -178, 0, 0, 0, 0, 0, 0, 0, 0, 0, -44, -222
"c:\titan-automation\QuoteVaultPro\NEON_MVP_INVOICING_BILLING_READY.sql", "MS SQL", 0, 0, 0, 0, 0, 0, 0, 0, 0, 0, 0, 0, 0, -109, 0, -13, -10, -132
"c:\titan-automation\QuoteVaultPro\ORDER_COMPLETION_IMPLEMENTATION.md", "Markdown", 0, 0, 0, 0, 0, 0, -123, 0, 0, 0, 0, 0, 0, 0, 0, 0, -32, -155
"c:\titan-automation\QuoteVaultPro\ORDER_LINE_ITEM_ARTWORK_COMPLETE.md", "Markdown", 0, 0, 0, 0, 0, 0, -89, 0, 0, 0, 0, 0, 0, 0, 0, 0, -19, -108
"c:\titan-automation\QuoteVaultPro\PASSWORD_RESET_IMPLEMENTATION.md", "Markdown", 0, 0, 0, 0, 0, 0, -169, 0, 0, 0, 0, 0, 0, 0, 0, 0, -46, -215
"c:\titan-automation\QuoteVaultPro\PBV2_FIGMA_ALIGNMENT_COMPLETE.md", "Markdown", 0, 0, 0, 0, 0, 0, -150, 0, 0, 0, 0, 0, 0, 0, 0, 0, -46, -196
"c:\titan-automation\QuoteVaultPro\PBV2_INITIALIZATION_VALIDATION_FIX.md", "Markdown", 0, 0, 0, 0, 0, 0, -394, 0, 0, 0, 0, 0, 0, 0, 0, 0, -100, -494
"c:\titan-automation\QuoteVaultPro\PBV2_JSON_HARDENING_COMPLETE.md", "Markdown", 0, 0, 0, 0, 0, 0, -224, 0, 0, 0, 0, 0, 0, 0, 0, 0, -55, -279
"c:\titan-automation\QuoteVaultPro\PBV2_JSON_IMPORT_EXPORT_COMPLETE.md", "Markdown", 0, 0, 0, 0, 0, 0, -199, 0, 0, 0, 0, 0, 0, 0, 0, 0, -44, -243
"c:\titan-automation\QuoteVaultPro\PBV2_LAYOUT_REFACTOR_COMPLETE.md", "Markdown", 0, 0, 0, 0, 0, 0, -158, 0, 0, 0, 0, 0, 0, 0, 0, 0, -35, -193
"c:\titan-automation\QuoteVaultPro\PBV2_OPTIONS_UI_REFACTOR_COMPLETE.md", "Markdown", 0, 0, 0, 0, 0, 0, -411, 0, 0, 0, 0, 0, 0, 0, 0, 0, -65, -476
"c:\titan-automation\QuoteVaultPro\PBV2_PERSISTENCE_FIX.md", "Markdown", 0, 0, 0, 0, 0, 0, -285, 0, 0, 0, 0, 0, 0, 0, 0, 0, -88, -373
"c:\titan-automation\QuoteVaultPro\PBV2_SCHEMA_CONFORMANCE_ROOT_CAUSE.md", "Markdown", 0, 0, 0, 0, 0, 0, -538, 0, 0, 0, 0, 0, 0, 0, 0, 0, -131, -669
"c:\titan-automation\QuoteVaultPro\PBV2_SCHEMA_VALIDATION_FIX_COMPLETE.md", "Markdown", 0, 0, 0, 0, 0, 0, -257, 0, 0, 0, 0, 0, 0, 0, 0, 0, -63, -320
"c:\titan-automation\QuoteVaultPro\PBV2_VALIDATION_GATING_FIX.md", "Markdown", 0, 0, 0, 0, 0, 0, -541, 0, 0, 0, 0, 0, 0, 0, 0, 0, -151, -692
"c:\titan-automation\QuoteVaultPro\PBV2_VISUAL_COMPARISON.md", "Markdown", 0, 0, 0, 0, 0, 0, -228, 0, 0, 0, 0, 0, 0, 0, 0, 0, -36, -264
"c:\titan-automation\QuoteVaultPro\PHASE2_ORDER_TRANSITIONS_COMPLETE.md", "Markdown", 0, 0, 0, 0, 0, 0, -203, 0, 0, 0, 0, 0, 0, 0, 0, 0, -60, -263
"c:\titan-automation\QuoteVaultPro\PHASE3_TENANT_HARDENING_COMPLETE.md", "Markdown", 0, 0, 0, 0, 0, 0, -175, 0, 0, 0, 0, 0, 0, 0, 0, 0, -44, -219
"c:\titan-automation\QuoteVaultPro\PREPRESS_FINDINGS_AND_FIXES_IMPLEMENTATION.md", "Markdown", 0, 0, 0, 0, 0, 0, -356, 0, 0, 0, 0, 0, 0, 0, 0, 0, -79, -435
"c:\titan-automation\QuoteVaultPro\PREPRESS_IMPLEMENTATION_SUMMARY.md", "Markdown", 0, 0, 0, 0, 0, 0, -198, 0, 0, 0, 0, 0, 0, 0, 0, 0, -56, -254
"c:\titan-automation\QuoteVaultPro\PREPRESS_MULTI_FORMAT_UPGRADE.md", "Markdown", 0, 0, 0, 0, 0, 0, -217, 0, 0, 0, 0, 0, 0, 0, 0, 0, -58, -275
"c:\titan-automation\QuoteVaultPro\PREPRESS_UI_FIX_AND_JOB_LIST.md", "Markdown", 0, 0, 0, 0, 0, 0, -212, 0, 0, 0, 0, 0, 0, 0, 0, 0, -53, -265
"c:\titan-automation\QuoteVaultPro\PRODUCTION_ARTWORK_WHEEL_ZOOM_COMPLETE.md", "Markdown", 0, 0, 0, 0, 0, 0, -83, 0, 0, 0, 0, 0, 0, 0, 0, 0, -21, -104
"c:\titan-automation\QuoteVaultPro\PRODUCTION_AUTH_FIX.md", "Markdown", 0, 0, 0, 0, 0, 0, -81, 0, 0, 0, 0, 0, 0, 0, 0, 0, -21, -102
"c:\titan-automation\QuoteVaultPro\PRODUCTION_BACKEND_DERIVATION_FIX.md", "Markdown", 0, 0, 0, 0, 0, 0, -151, 0, 0, 0, 0, 0, 0, 0, 0, 0, -29, -180
"c:\titan-automation\QuoteVaultPro\PRODUCTION_MEDIA_SIDES_FIX.md", "Markdown", 0, 0, 0, 0, 0, 0, -100, 0, 0, 0, 0, 0, 0, 0, 0, 0, -19, -119
"c:\titan-automation\QuoteVaultPro\PRODUCTION_MVP_DEBUG_FIX.md", "Markdown", 0, 0, 0, 0, 0, 0, -141, 0, 0, 0, 0, 0, 0, 0, 0, 0, -23, -164
"c:\titan-automation\QuoteVaultPro\PRODUCT_BUILDER_V2_OPTION_TREE_ARCHITECTURE.md", "Markdown", 0, 0, 0, 0, 0, 0, -1142, 0, 0, 0, 0, 0, 0, 0, 0, 0, -318, -1460
"c:\titan-automation\QuoteVaultPro\Pbv2OptionsPage-main\ATTRIBUTIONS.md", "Markdown", 0, 0, 0, 0, 0, 0, -2, 0, 0, 0, 0, 0, 0, 0, 0, 0, -1, -3
"c:\titan-automation\QuoteVaultPro\Pbv2OptionsPage-main\README.md", "Markdown", 0, 0, 0, 0, 0, 0, -5, 0, 0, 0, 0, 0, 0, 0, 0, 0, -6, -11
"c:\titan-automation\QuoteVaultPro\Pbv2OptionsPage-main\guidelines\Guidelines.md", "Markdown", 0, 0, 0, 0, 0, 0, -1, 0, 0, 0, 0, 0, 0, 0, 0, -60, -1, -62
"c:\titan-automation\QuoteVaultPro\Pbv2OptionsPage-main\index.html", "HTML", 0, 0, 0, -12, 0, 0, 0, 0, 0, 0, 0, 0, 0, 0, 0, 0, -3, -15
"c:\titan-automation\QuoteVaultPro\Pbv2OptionsPage-main\package.json", "JSON", 0, 0, -88, 0, 0, 0, 0, 0, 0, 0, 0, 0, 0, 0, 0, 0, 0, -88
"c:\titan-automation\QuoteVaultPro\Pbv2OptionsPage-main\postcss.config.mjs", "JavaScript", 0, 0, 0, 0, 0, 0, 0, -1, 0, 0, 0, 0, 0, 0, 0, -14, -1, -16
"c:\titan-automation\QuoteVaultPro\Pbv2OptionsPage-main\src\app\App.tsx", "TypeScript JSX", 0, -192, 0, 0, 0, 0, 0, 0, 0, 0, 0, 0, 0, 0, 0, 0, -20, -212
"c:\titan-automation\QuoteVaultPro\Pbv2OptionsPage-main\src\app\components\ConditionalLogicBuilder.tsx", "TypeScript JSX", 0, -208, 0, 0, 0, 0, 0, 0, 0, 0, 0, 0, 0, 0, 0, 0, -26, -234
"c:\titan-automation\QuoteVaultPro\Pbv2OptionsPage-main\src\app\components\ConfirmationModal.tsx", "TypeScript JSX", 0, -58, 0, 0, 0, 0, 0, 0, 0, 0, 0, 0, 0, 0, 0, 0, -4, -62
"c:\titan-automation\QuoteVaultPro\Pbv2OptionsPage-main\src\app\components\OptionDetailPanel.tsx", "TypeScript JSX", 0, -372, 0, 0, 0, 0, 0, 0, 0, 0, 0, 0, 0, 0, 0, -9, -29, -410
"c:\titan-automation\QuoteVaultPro\Pbv2OptionsPage-main\src\app\components\OptionEditor.tsx", "TypeScript JSX", 0, -298, 0, 0, 0, 0, 0, 0, 0, 0, 0, 0, 0, 0, 0, 0, -16, -314
"c:\titan-automation\QuoteVaultPro\Pbv2OptionsPage-main\src\app\components\OptionGroupsSidebar.tsx", "TypeScript JSX", 0, -181, 0, 0, 0, 0, 0, 0, 0, 0, 0, 0, 0, 0, 0, 0, -7, -188
"c:\titan-automation\QuoteVaultPro\Pbv2OptionsPage-main\src\app\components\PricingValidationPanel.tsx", "TypeScript JSX", 0, -347, 0, 0, 0, 0, 0, 0, 0, 0, 0, 0, 0, 0, 0, -11, -30, -388
"c:\titan-automation\QuoteVaultPro\Pbv2OptionsPage-main\src\app\components\ProductHeader.tsx", "TypeScript JSX", 0, -113, 0, 0, 0, 0, 0, 0, 0, 0, 0, 0, 0, 0, 0, 0, -9, -122
"c:\titan-automation\QuoteVaultPro\Pbv2OptionsPage-main\src\app\components\figma\ImageWithFallback.tsx", "TypeScript JSX", 0, -22, 0, 0, 0, 0, 0, 0, 0, 0, 0, 0, 0, 0, 0, 0, -6, -28
"c:\titan-automation\QuoteVaultPro\Pbv2OptionsPage-main\src\app\components\ui\accordion.tsx", "TypeScript JSX", 0, -59, 0, 0, 0, 0, 0, 0, 0, 0, 0, 0, 0, 0, 0, 0, -8, -67
"c:\titan-automation\QuoteVaultPro\Pbv2OptionsPage-main\src\app\components\ui\alert-dialog.tsx", "TypeScript JSX", 0, -143, 0, 0, 0, 0, 0, 0, 0, 0, 0, 0, 0, 0, 0, 0, -15, -158
"c:\titan-automation\QuoteVaultPro\Pbv2OptionsPage-main\src\app\components\ui\alert.tsx", "TypeScript JSX", 0, -60, 0, 0, 0, 0, 0, 0, 0, 0, 0, 0, 0, 0, 0, 0, -7, -67
"c:\titan-automation\QuoteVaultPro\Pbv2OptionsPage-main\src\app\components\ui\aspect-ratio.tsx", "TypeScript JSX", 0, -8, 0, 0, 0, 0, 0, 0, 0, 0, 0, 0, 0, 0, 0, 0, -4, -12
"c:\titan-automation\QuoteVaultPro\Pbv2OptionsPage-main\src\app\components\ui\avatar.tsx", "TypeScript JSX", 0, -47, 0, 0, 0, 0, 0, 0, 0, 0, 0, 0, 0, 0, 0, 0, -7, -54
"c:\titan-automation\QuoteVaultPro\Pbv2OptionsPage-main\src\app\components\ui\badge.tsx", "TypeScript JSX", 0, -41, 0, 0, 0, 0, 0, 0, 0, 0, 0, 0, 0, 0, 0, 0, -6, -47
"c:\titan-automation\QuoteVaultPro\Pbv2OptionsPage-main\src\app\components\ui\breadcrumb.tsx", "TypeScript JSX", 0, -99, 0, 0, 0, 0, 0, 0, 0, 0, 0, 0, 0, 0, 0, 0, -11, -110
"c:\titan-automation\QuoteVaultPro\Pbv2OptionsPage-main\src\app\components\ui\button.tsx", "TypeScript JSX", 0, -53, 0, 0, 0, 0, 0, 0, 0, 0, 0, 0, 0, 0, 0, 0, -6, -59
"c:\titan-automation\QuoteVaultPro\Pbv2OptionsPage-main\src\app\components\ui\calendar.tsx", "TypeScript JSX", 0, -71, 0, 0, 0, 0, 0, 0, 0, 0, 0, 0, 0, 0, 0, 0, -5, -76
"c:\titan-automation\QuoteVaultPro\Pbv2OptionsPage-main\src\app\components\ui\card.tsx", "TypeScript JSX", 0, -83, 0, 0, 0, 0, 0, 0, 0, 0, 0, 0, 0, 0, 0, 0, -10, -93
"c:\titan-automation\QuoteVaultPro\Pbv2OptionsPage-main\src\app\components\ui\carousel.tsx", "TypeScript JSX", 0, -214, 0, 0, 0, 0, 0, 0, 0, 0, 0, 0, 0, 0, 0, 0, -28, -242
"c:\titan-automation\QuoteVaultPro\Pbv2OptionsPage-main\src\app\components\ui\chart.tsx", "TypeScript JSX", 0, -319, 0, 0, 0, 0, 0, 0, 0, 0, 0, 0, 0, 0, 0, -2, -33, -354
"c:\titan-automation\QuoteVaultPro\Pbv2OptionsPage-main\src\app\components\ui\checkbox.tsx", "TypeScript JSX", 0, -28, 0, 0, 0, 0, 0, 0, 0, 0, 0, 0, 0, 0, 0, 0, -5, -33
"c:\titan-automation\QuoteVaultPro\Pbv2OptionsPage-main\src\app\components\ui\collapsible.tsx", "TypeScript JSX", 0, -28, 0, 0, 0, 0, 0, 0, 0, 0, 0, 0, 0, 0, 0, 0, -6, -34
"c:\titan-automation\QuoteVaultPro\Pbv2OptionsPage-main\src\app\components\ui\command.tsx", "TypeScript JSX", 0, -165, 0, 0, 0, 0, 0, 0, 0, 0, 0, 0, 0, 0, 0, 0, -13, -178
"c:\titan-automation\QuoteVaultPro\Pbv2OptionsPage-main\src\app\components\ui\context-menu.tsx", "TypeScript JSX", 0, -234, 0, 0, 0, 0, 0, 0, 0, 0, 0, 0, 0, 0, 0, 0, -19, -253
"c:\titan-automation\QuoteVaultPro\Pbv2OptionsPage-main\src\app\components\ui\dialog.tsx", "TypeScript JSX", 0, -122, 0, 0, 0, 0, 0, 0, 0, 0, 0, 0, 0, 0, 0, 0, -14, -136
"c:\titan-automation\QuoteVaultPro\Pbv2OptionsPage-main\src\app\components\ui\drawer.tsx", "TypeScript JSX", 0, -119, 0, 0, 0, 0, 0, 0, 0, 0, 0, 0, 0, 0, 0, 0, -14, -133
"c:\titan-automation\QuoteVaultPro\Pbv2OptionsPage-main\src\app\components\ui\dropdown-menu.tsx", "TypeScript JSX", 0, -53, 0, 0, 0, 0, 0, 0, 0, 0, 0, 0, 0, 0, 0, 0, -7, -60
"c:\titan-automation\QuoteVaultPro\Pbv2OptionsPage-main\src\app\components\ui\form.tsx", "TypeScript JSX", 0, -144, 0, 0, 0, 0, 0, 0, 0, 0, 0, 0, 0, 0, 0, 0, -25, -169
"c:\titan-automation\QuoteVaultPro\Pbv2OptionsPage-main\src\app\components\ui\hover-card.tsx", "TypeScript JSX", 0, -38, 0, 0, 0, 0, 0, 0, 0, 0, 0, 0, 0, 0, 0, 0, -7, -45
"c:\titan-automation\QuoteVaultPro\Pbv2OptionsPage-main\src\app\components\ui\input-otp.tsx", "TypeScript JSX", 0, -69, 0, 0, 0, 0, 0, 0, 0, 0, 0, 0, 0, 0, 0, 0, -9, -78
"c:\titan-automation\QuoteVaultPro\Pbv2OptionsPage-main\src\app\components\ui\input.tsx", "TypeScript JSX", 0, -18, 0, 0, 0, 0, 0, 0, 0, 0, 0, 0, 0, 0, 0, 0, -4, -22
"c:\titan-automation\QuoteVaultPro\Pbv2OptionsPage-main\src\app\components\ui\label.tsx", "TypeScript JSX", 0, -20, 0, 0, 0, 0, 0, 0, 0, 0, 0, 0, 0, 0, 0, 0, -5, -25
"c:\titan-automation\QuoteVaultPro\Pbv2OptionsPage-main\src\app\components\ui\menubar.tsx", "TypeScript JSX", 0, -257, 0, 0, 0, 0, 0, 0, 0, 0, 0, 0, 0, 0, 0, 0, -20, -277
"c:\titan-automation\QuoteVaultPro\Pbv2OptionsPage-main\src\app\components\ui\navigation-menu.tsx", "TypeScript JSX", 0, -157, 0, 0, 0, 0, 0, 0, 0, 0, 0, 0, 0, 0, 0, 0, -12, -169
"c:\titan-automation\QuoteVaultPro\Pbv2OptionsPage-main\src\app\components\ui\pagination.tsx", "TypeScript JSX", 0, -117, 0, 0, 0, 0, 0, 0, 0, 0, 0, 0, 0, 0, 0, 0, -11, -128
"c:\titan-automation\QuoteVaultPro\Pbv2OptionsPage-main\src\app\components\ui\popover.tsx", "TypeScript JSX", 0, -41, 0, 0, 0, 0, 0, 0, 0, 0, 0, 0, 0, 0, 0, 0, -8, -49
"c:\titan-automation\QuoteVaultPro\Pbv2OptionsPage-main\src\app\components\ui\progress.tsx", "TypeScript JSX", 0, -27, 0, 0, 0, 0, 0, 0, 0, 0, 0, 0, 0, 0, 0, 0, -5, -32
"c:\titan-automation\QuoteVaultPro\Pbv2OptionsPage-main\src\app\components\ui\radio-group.tsx", "TypeScript JSX", 0, -40, 0, 0, 0, 0, 0, 0, 0, 0, 0, 0, 0, 0, 0, 0, -6, -46
"c:\titan-automation\QuoteVaultPro\Pbv2OptionsPage-main\src\app\components\ui\resizable.tsx", "TypeScript JSX", 0, -50, 0, 0, 0, 0, 0, 0, 0, 0, 0, 0, 0, 0, 0, 0, -7, -57
"c:\titan-automation\QuoteVaultPro\Pbv2OptionsPage-main\src\app\components\ui\scroll-area.tsx", "TypeScript JSX", 0, -53, 0, 0, 0, 0, 0, 0, 0, 0, 0, 0, 0, 0, 0, 0, -6, -59
"c:\titan-automation\QuoteVaultPro\Pbv2OptionsPage-main\src\app\components\ui\select.tsx", "TypeScript JSX", 0, -176, 0, 0, 0, 0, 0, 0, 0, 0, 0, 0, 0, 0, 0, 0, -14, -190
"c:\titan-automation\QuoteVaultPro\Pbv2OptionsPage-main\src\app\components\ui\separator.tsx", "TypeScript JSX", 0, -24, 0, 0, 0, 0, 0, 0, 0, 0, 0, 0, 0, 0, 0, 0, -5, -29
"c:\titan-automation\QuoteVaultPro\Pbv2OptionsPage-main\src\app\components\ui\sheet.tsx", "TypeScript JSX", 0, -126, 0, 0, 0, 0, 0, 0, 0, 0, 0, 0, 0, 0, 0, 0, -14, -140
"c:\titan-automation\QuoteVaultPro\Pbv2OptionsPage-main\src\app\components\ui\sidebar.tsx", "TypeScript JSX", 0, -660, 0, 0, 0, 0, 0, 0, 0, 0, 0, 0, 0, 0, 0, -12, -55, -727
"c:\titan-automation\QuoteVaultPro\Pbv2OptionsPage-main\src\app\components\ui\skeleton.tsx", "TypeScript JSX", 0, -11, 0, 0, 0, 0, 0, 0, 0, 0, 0, 0, 0, 0, 0, 0, -3, -14
"c:\titan-automation\QuoteVaultPro\Pbv2OptionsPage-main\src\app\components\ui\slider.tsx", "TypeScript JSX", 0, -58, 0, 0, 0, 0, 0, 0, 0, 0, 0, 0, 0, 0, 0, 0, -6, -64
"c:\titan-automation\QuoteVaultPro\Pbv2OptionsPage-main\src\app\components\ui\sonner.tsx", "TypeScript JSX", 0, -21, 0, 0, 0, 0, 0, 0, 0, 0, 0, 0, 0, 0, 0, 0, -5, -26
"c:\titan-automation\QuoteVaultPro\Pbv2OptionsPage-main\src\app\components\ui\switch.tsx", "TypeScript JSX", 0, -27, 0, 0, 0, 0, 0, 0, 0, 0, 0, 0, 0, 0, 0, 0, -5, -32
"c:\titan-automation\QuoteVaultPro\Pbv2OptionsPage-main\src\app\components\ui\table.tsx", "TypeScript JSX", 0, -105, 0, 0, 0, 0, 0, 0, 0, 0, 0, 0, 0, 0, 0, 0, -12, -117
"c:\titan-automation\QuoteVaultPro\Pbv2OptionsPage-main\src\app\components\ui\tabs.tsx", "TypeScript JSX", 0, -59, 0, 0, 0, 0, 0, 0, 0, 0, 0, 0, 0, 0, 0, 0, -8, -67
"c:\titan-automation\QuoteVaultPro\Pbv2OptionsPage-main\src\app\components\ui\textarea.tsx", "TypeScript JSX", 0, -15, 0, 0, 0, 0, 0, 0, 0, 0, 0, 0, 0, 0, 0, 0, -4, -19
"c:\titan-automation\QuoteVaultPro\Pbv2OptionsPage-main\src\app\components\ui\toggle-group.tsx", "TypeScript JSX", 0, -66, 0, 0, 0, 0, 0, 0, 0, 0, 0, 0, 0, 0, 0, 0, -8, -74
"c:\titan-automation\QuoteVaultPro\Pbv2OptionsPage-main\src\app\components\ui\toggle.tsx", "TypeScript JSX", 0, -42, 0, 0, 0, 0, 0, 0, 0, 0, 0, 0, 0, 0, 0, 0, -6, -48
"c:\titan-automation\QuoteVaultPro\Pbv2OptionsPage-main\src\app\components\ui\tooltip.tsx", "TypeScript JSX", 0, -54, 0, 0, 0, 0, 0, 0, 0, 0, 0, 0, 0, 0, 0, 0, -8, -62
"c:\titan-automation\QuoteVaultPro\Pbv2OptionsPage-main\src\app\components\ui\use-mobile.ts", "TypeScript", -17, 0, 0, 0, 0, 0, 0, 0, 0, 0, 0, 0, 0, 0, 0, 0, -5, -22
"c:\titan-automation\QuoteVaultPro\Pbv2OptionsPage-main\src\app\components\ui\utils.ts", "TypeScript", -5, 0, 0, 0, 0, 0, 0, 0, 0, 0, 0, 0, 0, 0, 0, 0, -2, -7
"c:\titan-automation\QuoteVaultPro\Pbv2OptionsPage-main\src\app\data\mockData.ts", "TypeScript", -468, 0, 0, 0, 0, 0, 0, 0, 0, 0, 0, 0, 0, 0, 0, 0, -2, -470
"c:\titan-automation\QuoteVaultPro\Pbv2OptionsPage-main\src\app\types.ts", "TypeScript", -86, 0, 0, 0, 0, 0, 0, 0, 0, 0, 0, 0, 0, 0, 0, 0, -17, -103
"c:\titan-automation\QuoteVaultPro\Pbv2OptionsPage-main\src\main.tsx", "TypeScript JSX", 0, -4, 0, 0, 0, 0, 0, 0, 0, 0, 0, 0, 0, 0, 0, 0, -3, -7
"c:\titan-automation\QuoteVaultPro\Pbv2OptionsPage-main\src\styles\fonts.css", "PostCSS", 0, 0, 0, 0, 0, -6, 0, 0, 0, 0, 0, 0, 0, 0, 0, 0, -2, -8
"c:\titan-automation\QuoteVaultPro\Pbv2OptionsPage-main\src\styles\index.css", "PostCSS", 0, 0, 0, 0, 0, -3, 0, 0, 0, 0, 0, 0, 0, 0, 0, 0, -1, -4
"c:\titan-automation\QuoteVaultPro\Pbv2OptionsPage-main\src\styles\tailwind.css", "PostCSS", 0, 0, 0, 0, 0, -3, 0, 0, 0, 0, 0, 0, 0, 0, 0, 0, -2, -5
"c:\titan-automation\QuoteVaultPro\Pbv2OptionsPage-main\src\styles\theme.css", "PostCSS", 0, 0, 0, 0, 0, -133, 0, 0, 0, 0, 0, 0, 0, 0, 0, -9, -20, -162
"c:\titan-automation\QuoteVaultPro\Pbv2OptionsPage-main\vite.config.ts", "TypeScript", -15, 0, 0, 0, 0, 0, 0, 0, 0, 0, 0, 0, 0, 0, 0, -3, -2, -20
"c:\titan-automation\QuoteVaultPro\QUICKBOOKS_TESTING_GUIDE.md", "Markdown", 0, 0, 0, 0, 0, 0, -348, 0, 0, 0, 0, 0, 0, 0, 0, 0, -97, -445
"c:\titan-automation\QuoteVaultPro\QUOTE_DETAIL_THUMBNAILS_FIX.md", "Markdown", 0, 0, 0, 0, 0, 0, -108, 0, 0, 0, 0, 0, 0, 0, 0, 0, -25, -133
"c:\titan-automation\QuoteVaultPro\QUOTE_ORDER_DETAIL_AUDIT.md", "Markdown", 0, 0, 0, 0, 0, 0, -263, 0, 0, 0, 0, 0, 0, 0, 0, 0, -89, -352
"c:\titan-automation\QuoteVaultPro\README.md", "Markdown", 0, 0, 0, 0, 0, 0, -156, 0, 0, 0, 0, 0, 0, 0, 0, -1, -60, -217
"c:\titan-automation\QuoteVaultPro\ROLL_PRODUCTION_LAMINATION_DISPLAY.md", "Markdown", 0, 0, 0, 0, 0, 0, -142, 0, 0, 0, 0, 0, 0, 0, 0, 0, -30, -172
"c:\titan-automation\QuoteVaultPro\SESSION_AUTH_FIX.md", "Markdown", 0, 0, 0, 0, 0, 0, -203, 0, 0, 0, 0, 0, 0, 0, 0, 0, -48, -251
"c:\titan-automation\QuoteVaultPro\SIDES_VOLUME_PRICING_IMPLEMENTATION.md", "Markdown", 0, 0, 0, 0, 0, 0, -402, 0, 0, 0, 0, 0, 0, 0, 0, 0, -92, -494
"c:\titan-automation\QuoteVaultPro\STRIPE_PAYMENTS_V1_LOCAL_DEV.md", "Markdown", 0, 0, 0, 0, 0, 0, -82, 0, 0, 0, 0, 0, 0, 0, 0, 0, -38, -120
"c:\titan-automation\QuoteVaultPro\TENANT_STANDARDIZATION_COMPLETE.md", "Markdown", 0, 0, 0, 0, 0, 0, -247, 0, 0, 0, 0, 0, 0, 0, 0, 0, -59, -306
"c:\titan-automation\QuoteVaultPro\TITANOS_CLOSED_VIEW_COMPLETE.md", "Markdown", 0, 0, 0, 0, 0, 0, -80, 0, 0, 0, 0, 0, 0, 0, 0, 0, -30, -110
"c:\titan-automation\QuoteVaultPro\TITANOS_CLOSED_VIEW_SMOKE_TEST.md", "Markdown", 0, 0, 0, 0, 0, 0, -329, 0, 0, 0, 0, 0, 0, 0, 0, 0, -119, -448
"c:\titan-automation\QuoteVaultPro\TITANOS_CLOSED_VIEW_SUMMARY.md", "Markdown", 0, 0, 0, 0, 0, 0, -251, 0, 0, 0, 0, 0, 0, 0, 0, 0, -79, -330
"c:\titan-automation\QuoteVaultPro\TITANOS_DEPLOYMENT_CHECKLIST.md", "Markdown", 0, 0, 0, 0, 0, 0, -235, 0, 0, 0, 0, 0, 0, 0, 0, 0, -50, -285
"c:\titan-automation\QuoteVaultPro\TITANOS_PHASE2_COMPLETE.md", "Markdown", 0, 0, 0, 0, 0, 0, -337, 0, 0, 0, 0, 0, 0, 0, 0, 0, -84, -421
"c:\titan-automation\QuoteVaultPro\TITAN_STATE_MIGRATION_STATUS.md", "Markdown", 0, 0, 0, 0, 0, 0, -355, 0, 0, 0, 0, 0, 0, 0, 0, 0, -102, -457
"c:\titan-automation\QuoteVaultPro\TITAN_STATE_QUICKSTART.md", "Markdown", 0, 0, 0, 0, 0, 0, -495, 0, 0, 0, 0, 0, 0, 0, 0, 0, -116, -611
"c:\titan-automation\QuoteVaultPro\USER_INVITE_SYSTEM_IMPLEMENTATION.md", "Markdown", 0, 0, 0, 0, 0, 0, -309, 0, 0, 0, 0, 0, 0, 0, 0, 0, -76, -385
"c:\titan-automation\QuoteVaultPro\VERIFICATION_CHECKLIST.md", "Markdown", 0, 0, 0, 0, 0, 0, -70, 0, 0, 0, 0, 0, 0, 0, 0, 0, -21, -91
"c:\titan-automation\QuoteVaultPro\add-job-status-unique.ts", "TypeScript", -18, 0, 0, 0, 0, 0, 0, 0, 0, 0, 0, 0, 0, 0, 0, 0, -3, -21
"c:\titan-automation\QuoteVaultPro\apply-asset-pipeline-migration.ts", "TypeScript", -29, 0, 0, 0, 0, 0, 0, 0, 0, 0, 0, 0, 0, 0, 0, -1, -8, -38
"c:\titan-automation\QuoteVaultPro\apply-fix-migration.ts", "TypeScript", -18, 0, 0, 0, 0, 0, 0, 0, 0, 0, 0, 0, 0, 0, 0, 0, -6, -24
"c:\titan-automation\QuoteVaultPro\apply-fulfillment-migration.ts", "TypeScript", -19, 0, 0, 0, 0, 0, 0, 0, 0, 0, 0, 0, 0, 0, 0, 0, -6, -25
"c:\titan-automation\QuoteVaultPro\apply-invoicing-migration.ts", "TypeScript", -19, 0, 0, 0, 0, 0, 0, 0, 0, 0, 0, 0, 0, 0, 0, 0, -6, -25
"c:\titan-automation\QuoteVaultPro\apply-manual-migration.ts", "TypeScript", -29, 0, 0, 0, 0, 0, 0, 0, 0, 0, 0, 0, 0, 0, 0, -2, -9, -40
"c:\titan-automation\QuoteVaultPro\apply-material-usages-migration.ts", "TypeScript", -35, 0, 0, 0, 0, 0, 0, 0, 0, 0, 0, 0, 0, 0, 0, -4, -8, -47
"c:\titan-automation\QuoteVaultPro\apply-migration-0012.ts", "TypeScript", -94, 0, 0, 0, 0, 0, 0, 0, 0, 0, 0, 0, 0, 0, 0, -14, -18, -126
"c:\titan-automation\QuoteVaultPro\apply-migration-0014.ts", "TypeScript", -49, 0, 0, 0, 0, 0, 0, 0, 0, 0, 0, 0, 0, 0, 0, -9, -15, -73
"c:\titan-automation\QuoteVaultPro\apply-migration-0015.ts", "TypeScript", -54, 0, 0, 0, 0, 0, 0, 0, 0, 0, 0, 0, 0, 0, 0, -3, -15, -72
"c:\titan-automation\QuoteVaultPro\apply-order-list-notes-migration.ts", "TypeScript", -25, 0, 0, 0, 0, 0, 0, 0, 0, 0, 0, 0, 0, 0, 0, 0, -8, -33
"c:\titan-automation\QuoteVaultPro\apply-order-state-timestamps-migration.ts", "TypeScript", -18, 0, 0, 0, 0, 0, 0, 0, 0, 0, 0, 0, 0, 0, 0, 0, -6, -24
"c:\titan-automation\QuoteVaultPro\apply-order-thumbnails-migration.ts", "TypeScript", -25, 0, 0, 0, 0, 0, 0, 0, 0, 0, 0, 0, 0, 0, 0, 0, -8, -33
"c:\titan-automation\QuoteVaultPro\apply-pricing-profile-migration.ts", "TypeScript", -60, 0, 0, 0, 0, 0, 0, 0, 0, 0, 0, 0, 0, 0, 0, -5, -9, -74
"c:\titan-automation\QuoteVaultPro\apply-qb-migration.ts", "TypeScript", -26, 0, 0, 0, 0, 0, 0, 0, 0, 0, 0, 0, 0, 0, 0, -1, -7, -34
"c:\titan-automation\QuoteVaultPro\apply-roll-material-migration.ts", "TypeScript", -23, 0, 0, 0, 0, 0, 0, 0, 0, 0, 0, 0, 0, 0, 0, -9, -10, -42
"c:\titan-automation\QuoteVaultPro\apply-saas-tax-migration.ts", "TypeScript", -22, 0, 0, 0, 0, 0, 0, 0, 0, 0, 0, 0, 0, 0, 0, -5, -8, -35
"c:\titan-automation\QuoteVaultPro\apply-snapshot-migration.ts", "TypeScript", -42, 0, 0, 0, 0, 0, 0, 0, 0, 0, 0, 0, 0, 0, 0, -2, -13, -57
"c:\titan-automation\QuoteVaultPro\backfill-asset-derivative-keys-org-prefix.ts", "TypeScript", -106, 0, 0, 0, 0, 0, 0, 0, 0, 0, 0, 0, 0, 0, 0, -20, -25, -151
"c:\titan-automation\QuoteVaultPro\backfill-jobs.ts", "TypeScript", -56, 0, 0, 0, 0, 0, 0, 0, 0, 0, 0, 0, 0, 0, 0, -9, -15, -80
"c:\titan-automation\QuoteVaultPro\backfill-mislabeled-local-attachments.ts", "TypeScript", -164, 0, 0, 0, 0, 0, 0, 0, 0, 0, 0, 0, 0, 0, 0, -25, -27, -216
"c:\titan-automation\QuoteVaultPro\backfill-order-attachment-storage.ts", "TypeScript", -121, 0, 0, 0, 0, 0, 0, 0, 0, 0, 0, 0, 0, 0, 0, -30, -26, -177
"c:\titan-automation\QuoteVaultPro\check-full-schema.ts", "TypeScript", -27, 0, 0, 0, 0, 0, 0, 0, 0, 0, 0, 0, 0, 0, 0, 0, -7, -34
"c:\titan-automation\QuoteVaultPro\check-migration-0011.ts", "TypeScript", -35, 0, 0, 0, 0, 0, 0, 0, 0, 0, 0, 0, 0, 0, 0, 0, -7, -42
"c:\titan-automation\QuoteVaultPro\check-pricing-formulas.ts", "TypeScript", -56, 0, 0, 0, 0, 0, 0, 0, 0, 0, 0, 0, 0, 0, 0, -4, -10, -70
"c:\titan-automation\QuoteVaultPro\client\index.html", "HTML", 0, 0, 0, -20, 0, 0, 0, 0, 0, 0, 0, 0, 0, 0, 0, 0, 0, -20
"c:\titan-automation\QuoteVaultPro\client\jest.config.js", "JavaScript", 0, 0, 0, 0, 0, 0, 0, -41, 0, 0, 0, 0, 0, 0, 0, -12, -10, -63
"c:\titan-automation\QuoteVaultPro\client\src\App.tsx", "TypeScript JSX", 0, -178, 0, 0, 0, 0, 0, 0, 0, 0, 0, 0, 0, 0, 0, -26, -29, -233
"c:\titan-automation\QuoteVaultPro\client\src\components\AdjustInventoryForm.tsx", "TypeScript JSX", 0, -77, 0, 0, 0, 0, 0, 0, 0, 0, 0, 0, 0, 0, 0, -1, -7, -85
"c:\titan-automation\QuoteVaultPro\client\src\components\AttachmentPreviewMeta.tsx", "TypeScript JSX", 0, -17, 0, 0, 0, 0, 0, 0, 0, 0, 0, 0, 0, 0, 0, -6, -7, -30
"c:\titan-automation\QuoteVaultPro\client\src\components\AttachmentViewerDialog.tsx", "TypeScript JSX", 0, -555, 0, 0, 0, 0, 0, 0, 0, 0, 0, 0, 0, 0, 0, -48, -50, -653
"c:\titan-automation\QuoteVaultPro\client\src\components\AttachmentsPanel.tsx", "TypeScript JSX", 0, -379, 0, 0, 0, 0, 0, 0, 0, 0, 0, 0, 0, 0, 0, -18, -48, -445
"c:\titan-automation\QuoteVaultPro\client\src\components\ColumnConfigModal.tsx", "TypeScript JSX", 0, -104, 0, 0, 0, 0, 0, 0, 0, 0, 0, 0, 0, 0, 0, 0, -13, -117
"c:\titan-automation\QuoteVaultPro\client\src\components\ConfigError.tsx", "TypeScript JSX", 0, -64, 0, 0, 0, 0, 0, 0, 0, 0, 0, 0, 0, 0, 0, -4, -8, -76
"c:\titan-automation\QuoteVaultPro\client\src\components\CustomerDetailPanel.tsx", "TypeScript JSX", 0, -757, 0, 0, 0, 0, 0, 0, 0, 0, 0, 0, 0, 0, 0, -11, -44, -812
"c:\titan-automation\QuoteVaultPro\client\src\components\CustomerList.tsx", "TypeScript JSX", 0, -201, 0, 0, 0, 0, 0, 0, 0, 0, 0, 0, 0, 0, 0, -4, -12, -217
"c:\titan-automation\QuoteVaultPro\client\src\components\CustomerSelect.tsx", "TypeScript JSX", 0, -223, 0, 0, 0, 0, 0, 0, 0, 0, 0, 0, 0, 0, 0, -17, -24, -264
"c:\titan-automation\QuoteVaultPro\client\src\components\DocumentMetaCard.tsx", "TypeScript JSX", 0, -17, 0, 0, 0, 0, 0, 0, 0, 0, 0, 0, 0, 0, 0, 0, -4, -21
"c:\titan-automation\QuoteVaultPro\client\src\components\FormulaEditor.tsx", "TypeScript JSX", 0, -178, 0, 0, 0, 0, 0, 0, 0, 0, 0, 0, 0, 0, 0, -4, -20, -202
"c:\titan-automation\QuoteVaultPro\client\src\components\FulfillmentShippingPanel.tsx", "TypeScript JSX", 0, -261, 0, 0, 0, 0, 0, 0, 0, 0, 0, 0, 0, 0, 0, -11, -12, -284
"c:\titan-automation\QuoteVaultPro\client\src\components\FulfillmentStatusBadge.tsx", "TypeScript JSX", 0, -43, 0, 0, 0, 0, 0, 0, 0, 0, 0, 0, 0, 0, 0, 0, -5, -48
"c:\titan-automation\QuoteVaultPro\client\src\components\LargeFileLocalDevWarningDialog.tsx", "TypeScript JSX", 0, -33, 0, 0, 0, 0, 0, 0, 0, 0, 0, 0, 0, 0, 0, 0, -3, -36
"c:\titan-automation\QuoteVaultPro\client\src\components\LineItemAttachmentsPanel.tsx", "TypeScript JSX", 0, -949, 0, 0, 0, 0, 0, 0, 0, 0, 0, 0, 0, 0, 0, -86, -118, -1153
"c:\titan-automation\QuoteVaultPro\client\src\components\LineItemThumbnail.tsx", "TypeScript JSX", 0, -99, 0, 0, 0, 0, 0, 0, 0, 0, 0, 0, 0, 0, 0, -16, -13, -128
"c:\titan-automation\QuoteVaultPro\client\src\components\LowStockBadge.tsx", "TypeScript JSX", 0, -5, 0, 0, 0, 0, 0, 0, 0, 0, 0, 0, 0, 0, 0, 0, -2, -7
"c:\titan-automation\QuoteVaultPro\client\src\components\MaterialForm.tsx", "TypeScript JSX", 0, -522, 0, 0, 0, 0, 0, 0, 0, 0, 0, 0, 0, 0, 0, -24, -29, -575
"c:\titan-automation\QuoteVaultPro\client\src\components\OrderArtworkPanel.tsx", "TypeScript JSX", 0, -582, 0, 0, 0, 0, 0, 0, 0, 0, 0, 0, 0, 0, 0, -7, -53, -642
"c:\titan-automation\QuoteVaultPro\client\src\components\OrderAttachmentsPanel.tsx", "TypeScript JSX", 0, -470, 0, 0, 0, 0, 0, 0, 0, 0, 0, 0, 0, 0, 0, -20, -53, -543
"c:\titan-automation\QuoteVaultPro\client\src\components\OrderStateBadge.tsx", "TypeScript JSX", 0, -16, 0, 0, 0, 0, 0, 0, 0, 0, 0, 0, 0, 0, 0, -5, -5, -26
"c:\titan-automation\QuoteVaultPro\client\src\components\OrderStatusPillSelector.tsx", "TypeScript JSX", 0, -79, 0, 0, 0, 0, 0, 0, 0, 0, 0, 0, 0, 0, 0, -6, -8, -93
"c:\titan-automation\QuoteVaultPro\client\src\components\PBV2ProductBuilderSection.tsx", "TypeScript JSX", 0, -3377, 0, 0, 0, 0, 0, 0, 0, 0, 0, 0, 0, 0, 0, -21, -313, -3711
"c:\titan-automation\QuoteVaultPro\client\src\components\PBV2ProductBuilderSectionV2.tsx", "TypeScript JSX", 0, -430, 0, 0, 0, 0, 0, 0, 0, 0, 0, 0, 0, 0, 0, -26, -59, -515
"c:\titan-automation\QuoteVaultPro\client\src\components\PackingSlipModal.tsx", "TypeScript JSX", 0, -47, 0, 0, 0, 0, 0, 0, 0, 0, 0, 0, 0, 0, 0, -2, -6, -55
"c:\titan-automation\QuoteVaultPro\client\src\components\ProductForm.tsx", "TypeScript JSX", 0, -575, 0, 0, 0, 0, 0, 0, 0, 0, 0, 0, 0, 0, 0, -40, -44, -659
"c:\titan-automation\QuoteVaultPro\client\src\components\ProductOptionsPanelV2_Mvp.tsx", "TypeScript JSX", 0, -776, 0, 0, 0, 0, 0, 0, 0, 0, 0, 0, 0, 0, 0, -69, -68, -913
"c:\titan-automation\QuoteVaultPro\client\src\components\ProductSimulator.tsx", "TypeScript JSX", 0, -282, 0, 0, 0, 0, 0, 0, 0, 0, 0, 0, 0, 0, 0, -5, -33, -320
"c:\titan-automation\QuoteVaultPro\client\src\components\PurchaseOrderForm.tsx", "TypeScript JSX", 0, -175, 0, 0, 0, 0, 0, 0, 0, 0, 0, 0, 0, 0, 0, 0, -12, -187
"c:\titan-automation\QuoteVaultPro\client\src\components\QuoteAttachmentsPanel.tsx", "TypeScript JSX", 0, -435, 0, 0, 0, 0, 0, 0, 0, 0, 0, 0, 0, 0, 0, -16, -51, -502
"c:\titan-automation\QuoteVaultPro\client\src\components\QuoteWorkflowActions.tsx", "TypeScript JSX", 0, -290, 0, 0, 0, 0, 0, 0, 0, 0, 0, 0, 0, 0, 0, -18, -34, -342
"c:\titan-automation\QuoteVaultPro\client\src\components\QuoteWorkflowBadge.tsx", "TypeScript JSX", 0, -19, 0, 0, 0, 0, 0, 0, 0, 0, 0, 0, 0, 0, 0, -4, -5, -28
"c:\titan-automation\QuoteVaultPro\client\src\components\ReceivePurchaseOrderItemsForm.tsx", "TypeScript JSX", 0, -67, 0, 0, 0, 0, 0, 0, 0, 0, 0, 0, 0, 0, 0, 0, -5, -72
"c:\titan-automation\QuoteVaultPro\client\src\components\ShipmentForm.tsx", "TypeScript JSX", 0, -257, 0, 0, 0, 0, 0, 0, 0, 0, 0, 0, 0, 0, 0, -7, -19, -283
"c:\titan-automation\QuoteVaultPro\client\src\components\ShippingPanel.tsx", "TypeScript JSX", 0, -83, 0, 0, 0, 0, 0, 0, 0, 0, 0, 0, 0, 0, 0, -8, -6, -97
"c:\titan-automation\QuoteVaultPro\client\src\components\SplitWorkspace.tsx", "TypeScript JSX", 0, -66, 0, 0, 0, 0, 0, 0, 0, 0, 0, 0, 0, 0, 0, 0, -10, -76
"c:\titan-automation\QuoteVaultPro\client\src\components\StateTransitionButtons.tsx", "TypeScript JSX", 0, -373, 0, 0, 0, 0, 0, 0, 0, 0, 0, 0, 0, 0, 0, -8, -43, -424
"c:\titan-automation\QuoteVaultPro\client\src\components\ThemeToggle.tsx", "TypeScript JSX", 0, -47, 0, 0, 0, 0, 0, 0, 0, 0, 0, 0, 0, 0, 0, 0, -4, -51
"c:\titan-automation\QuoteVaultPro\client\src\components\TimelinePanel.module.css", "PostCSS", 0, 0, 0, 0, 0, -6, 0, 0, 0, 0, 0, 0, 0, 0, 0, 0, -1, -7
"c:\titan-automation\QuoteVaultPro\client\src\components\TimelinePanel.tsx", "TypeScript JSX", 0, -235, 0, 0, 0, 0, 0, 0, 0, 0, 0, 0, 0, 0, 0, -1, -36, -272
"c:\titan-automation\QuoteVaultPro\client\src\components\VendorForm.tsx", "TypeScript JSX", 0, -133, 0, 0, 0, 0, 0, 0, 0, 0, 0, 0, 0, 0, 0, 0, -7, -140
"c:\titan-automation\QuoteVaultPro\client\src\components\ViewAllAttachmentsDialog.tsx", "TypeScript JSX", 0, -435, 0, 0, 0, 0, 0, 0, 0, 0, 0, 0, 0, 0, 0, -16, -37, -488
"c:\titan-automation\QuoteVaultPro\client\src\components\VoidQuoteDialog.tsx", "TypeScript JSX", 0, -115, 0, 0, 0, 0, 0, 0, 0, 0, 0, 0, 0, 0, 0, -3, -11, -129
"c:\titan-automation\QuoteVaultPro\client\src\components\admin-dashboard.tsx", "TypeScript JSX", 0, -387, 0, 0, 0, 0, 0, 0, 0, 0, 0, 0, 0, 0, 0, -3, -31, -421
"c:\titan-automation\QuoteVaultPro\client\src\components\admin-settings.tsx", "TypeScript JSX", 0, -4879, 0, 0, 0, 0, 0, 0, 0, 0, 0, 0, 0, 0, 0, -40, -162, -5081
"c:\titan-automation\QuoteVaultPro\client\src\components\calculator.tsx", "TypeScript JSX", 0, -1271, 0, 0, 0, 0, 0, 0, 0, 0, 0, 0, 0, 0, 0, -39, -82, -1392
"c:\titan-automation\QuoteVaultPro\client\src\components\contact-form.tsx", "TypeScript JSX", 0, -278, 0, 0, 0, 0, 0, 0, 0, 0, 0, 0, 0, 0, 0, -4, -25, -307
"c:\titan-automation\QuoteVaultPro\client\src\components\convert-quote-to-order-dialog.tsx", "TypeScript JSX", 0, -118, 0, 0, 0, 0, 0, 0, 0, 0, 0, 0, 0, 0, 0, 0, -7, -125
"c:\titan-automation\QuoteVaultPro\client\src\components\credit-form.tsx", "TypeScript JSX", 0, -227, 0, 0, 0, 0, 0, 0, 0, 0, 0, 0, 0, 0, 0, -7, -20, -254
"c:\titan-automation\QuoteVaultPro\client\src\components\customer-form.tsx", "TypeScript JSX", 0, -894, 0, 0, 0, 0, 0, 0, 0, 0, 0, 0, 0, 0, 0, -30, -64, -988
"c:\titan-automation\QuoteVaultPro\client\src\components\customers\CustomerActivityTabs.tsx", "TypeScript JSX", 0, -71, 0, 0, 0, 0, 0, 0, 0, 0, 0, 0, 0, 0, 0, -2, -10, -83
"c:\titan-automation\QuoteVaultPro\client\src\components\customers\CustomerStatCard.tsx", "TypeScript JSX", 0, -49, 0, 0, 0, 0, 0, 0, 0, 0, 0, 0, 0, 0, 0, 0, -4, -53
"c:\titan-automation\QuoteVaultPro\client\src\components\customers\CustomerStatsRow.tsx", "TypeScript JSX", 0, -212, 0, 0, 0, 0, 0, 0, 0, 0, 0, 0, 0, 0, 0, -5, -15, -232
"c:\titan-automation\QuoteVaultPro\client\src\components\customers\SplitCustomerDetail.tsx", "TypeScript JSX", 0, -192, 0, 0, 0, 0, 0, 0, 0, 0, 0, 0, 0, 0, 0, -5, -13, -210
"c:\titan-automation\QuoteVaultPro\client\src\components\customers\tables\CustomerInvoicesTable.tsx", "TypeScript JSX", 0, -96, 0, 0, 0, 0, 0, 0, 0, 0, 0, 0, 0, 0, 0, 0, -5, -101
"c:\titan-automation\QuoteVaultPro\client\src\components\customers\tables\CustomerOrdersTable.tsx", "TypeScript JSX", 0, -181, 0, 0, 0, 0, 0, 0, 0, 0, 0, 0, 0, 0, 0, 0, -7, -188
"c:\titan-automation\QuoteVaultPro\client\src\components\customers\tables\CustomerQuotesTable.tsx", "TypeScript JSX", 0, -147, 0, 0, 0, 0, 0, 0, 0, 0, 0, 0, 0, 0, 0, 0, -6, -153
"c:\titan-automation\QuoteVaultPro\client\src\components\global-search.tsx", "TypeScript JSX", 0, -142, 0, 0, 0, 0, 0, 0, 0, 0, 0, 0, 0, 0, 0, -2, -17, -161
"c:\titan-automation\QuoteVaultPro\client\src\components\integrations\QBTransientDisconnectBanner.tsx", "TypeScript JSX", 0, -112, 0, 0, 0, 0, 0, 0, 0, 0, 0, 0, 0, 0, 0, 0, -18, -130
"c:\titan-automation\QuoteVaultPro\client\src\components\job-status-settings.tsx", "TypeScript JSX", 0, -167, 0, 0, 0, 0, 0, 0, 0, 0, 0, 0, 0, 0, 0, 0, -9, -176
"c:\titan-automation\QuoteVaultPro\client\src\components\layout\AppLayout.tsx", "TypeScript JSX", 0, -66, 0, 0, 0, 0, 0, 0, 0, 0, 0, 0, 0, 0, 0, -8, -9, -83
"c:\titan-automation\QuoteVaultPro\client\src\components\layout\GlobalSearchOverlay.tsx", "TypeScript JSX", 0, -179, 0, 0, 0, 0, 0, 0, 0, 0, 0, 0, 0, 0, 0, 0, -16, -195
"c:\titan-automation\QuoteVaultPro\client\src\components\layout\ResizablePanels.tsx", "TypeScript JSX", 0, -87, 0, 0, 0, 0, 0, 0, 0, 0, 0, 0, 0, 0, 0, -15, -14, -116
"c:\titan-automation\QuoteVaultPro\client\src\components\layout\SidebarNav.tsx", "TypeScript JSX", 0, -3, 0, 0, 0, 0, 0, 0, 0, 0, 0, 0, 0, 0, 0, -4, -1, -8
"c:\titan-automation\QuoteVaultPro\client\src\components\layout\TitanSidebarNav.tsx", "TypeScript JSX", 0, -422, 0, 0, 0, 0, 0, 0, 0, 0, 0, 0, 0, 0, 0, -36, -38, -496
"c:\titan-automation\QuoteVaultPro\client\src\components\layout\TitanTopBar.tsx", "TypeScript JSX", 0, -281, 0, 0, 0, 0, 0, 0, 0, 0, 0, 0, 0, 0, 0, -25, -32, -338
"c:\titan-automation\QuoteVaultPro\client\src\components\layout\index.ts", "TypeScript", -5, 0, 0, 0, 0, 0, 0, 0, 0, 0, 0, 0, 0, 0, 0, -6, -3, -14
"c:\titan-automation\QuoteVaultPro\client\src\components\line-items\LineItemActionButtons.tsx", "TypeScript JSX", 0, -48, 0, 0, 0, 0, 0, 0, 0, 0, 0, 0, 0, 0, 0, 0, -5, -53
"c:\titan-automation\QuoteVaultPro\client\src\components\line-items\LineItemAlertChip.tsx", "TypeScript JSX", 0, -27, 0, 0, 0, 0, 0, 0, 0, 0, 0, 0, 0, 0, 0, 0, -6, -33
"c:\titan-automation\QuoteVaultPro\client\src\components\line-items\LineItemMainBlock.tsx", "TypeScript JSX", 0, -96, 0, 0, 0, 0, 0, 0, 0, 0, 0, 0, 0, 0, 0, -2, -18, -116
"c:\titan-automation\QuoteVaultPro\client\src\components\line-items\LineItemMoneyField.tsx", "TypeScript JSX", 0, -37, 0, 0, 0, 0, 0, 0, 0, 0, 0, 0, 0, 0, 0, 0, -5, -42
"c:\titan-automation\QuoteVaultPro\client\src\components\line-items\LineItemOverrideToggle.tsx", "TypeScript JSX", 0, -40, 0, 0, 0, 0, 0, 0, 0, 0, 0, 0, 0, 0, 0, 0, -5, -45
"c:\titan-automation\QuoteVaultPro\client\src\components\line-items\LineItemQtyPill.tsx", "TypeScript JSX", 0, -116, 0, 0, 0, 0, 0, 0, 0, 0, 0, 0, 0, 0, 0, -3, -15, -134
"c:\titan-automation\QuoteVaultPro\client\src\components\line-items\LineItemRowEnterprise.tsx", "TypeScript JSX", 0, -879, 0, 0, 0, 0, 0, 0, 0, 0, 0, 0, 0, 0, 0, 0, -72, -951
"c:\titan-automation\QuoteVaultPro\client\src\components\line-items\LineItemStatusPill.tsx", "TypeScript JSX", 0, -161, 0, 0, 0, 0, 0, 0, 0, 0, 0, 0, 0, 0, 0, 0, -19, -180
"c:\titan-automation\QuoteVaultPro\client\src\components\line-items\lineItemRowEnterprise.module.css", "PostCSS", 0, 0, 0, 0, 0, -736, 0, 0, 0, 0, 0, 0, 0, 0, 0, -2, -117, -855
"c:\titan-automation\QuoteVaultPro\client\src\components\line-items\lineItemTheme.css", "PostCSS", 0, 0, 0, 0, 0, -20, 0, 0, 0, 0, 0, 0, 0, 0, 0, -2, -10, -32
"c:\titan-automation\QuoteVaultPro\client\src\components\list\ListViewSettings.tsx", "TypeScript JSX", 0, -101, 0, 0, 0, 0, 0, 0, 0, 0, 0, 0, 0, 0, 0, 0, -4, -105
"c:\titan-automation\QuoteVaultPro\client\src\components\media-picker.tsx", "TypeScript JSX", 0, -142, 0, 0, 0, 0, 0, 0, 0, 0, 0, 0, 0, 0, 0, 0, -12, -154
"c:\titan-automation\QuoteVaultPro\client\src\components\media\PdfViewer.tsx", "TypeScript JSX", 0, -47, 0, 0, 0, 0, 0, 0, 0, 0, 0, 0, 0, 0, 0, -11, -9, -67
"c:\titan-automation\QuoteVaultPro\client\src\components\note-form.tsx", "TypeScript JSX", 0, -180, 0, 0, 0, 0, 0, 0, 0, 0, 0, 0, 0, 0, 0, -6, -19, -205
"c:\titan-automation\QuoteVaultPro\client\src\components\object-uploader.tsx", "TypeScript JSX", 0, -212, 0, 0, 0, 0, 0, 0, 0, 0, 0, 0, 0, 0, 0, -1, -26, -239
"c:\titan-automation\QuoteVaultPro\client\src\components\order-form-OLD-BACKUP.tsx", "TypeScript JSX", 0, -453, 0, 0, 0, 0, 0, 0, 0, 0, 0, 0, 0, 0, 0, -9, -37, -499
"c:\titan-automation\QuoteVaultPro\client\src\components\order-form.tsx", "TypeScript JSX", 0, -1158, 0, 0, 0, 0, 0, 0, 0, 0, 0, 0, 0, 0, 0, -42, -85, -1285
"c:\titan-automation\QuoteVaultPro\client\src\components\order-line-item-dialog.tsx", "TypeScript JSX", 0, -943, 0, 0, 0, 0, 0, 0, 0, 0, 0, 0, 0, 0, 0, -37, -74, -1054
"c:\titan-automation\QuoteVaultPro\client\src\components\order-status-badge.tsx", "TypeScript JSX", 0, -150, 0, 0, 0, 0, 0, 0, 0, 0, 0, 0, 0, 0, 0, 0, -13, -163
"c:\titan-automation\QuoteVaultPro\client\src\components\orders\ManualReservationsCard.tsx", "TypeScript JSX", 0, -320, 0, 0, 0, 0, 0, 0, 0, 0, 0, 0, 0, 0, 0, 0, -31, -351
"c:\titan-automation\QuoteVaultPro\client\src\components\orders\OrderFulfillmentPanel.tsx", "TypeScript JSX", 0, -620, 0, 0, 0, 0, 0, 0, 0, 0, 0, 0, 0, 0, 0, -16, -48, -684
"c:\titan-automation\QuoteVaultPro\client\src\components\orders\OrderLineItemsSection.tsx", "TypeScript JSX", 0, -2048, 0, 0, 0, 0, 0, 0, 0, 0, 0, 0, 0, 0, 0, -17, -213, -2278
"c:\titan-automation\QuoteVaultPro\client\src\components\payments\StripePayDialog.tsx", "TypeScript JSX", 0, -340, 0, 0, 0, 0, 0, 0, 0, 0, 0, 0, 0, 0, 0, -55, -48, -443
"c:\titan-automation\QuoteVaultPro\client\src\components\pbv2\builder-v2\ConfirmationModal.tsx", "TypeScript JSX", 0, -60, 0, 0, 0, 0, 0, 0, 0, 0, 0, 0, 0, 0, 0, 0, -4, -64
"c:\titan-automation\QuoteVaultPro\client\src\components\pbv2\builder-v2\OptionEditor.tsx", "TypeScript JSX", 0, -214, 0, 0, 0, 0, 0, 0, 0, 0, 0, 0, 0, 0, 0, 0, -16, -230
"c:\titan-automation\QuoteVaultPro\client\src\components\pbv2\builder-v2\OptionGroupsSidebar.tsx", "TypeScript JSX", 0, -171, 0, 0, 0, 0, 0, 0, 0, 0, 0, 0, 0, 0, 0, 0, -8, -179
"c:\titan-automation\QuoteVaultPro\client\src\components\pbv2\builder-v2\PBV2ProductBuilderLayout.tsx", "TypeScript JSX", 0, -104, 0, 0, 0, 0, 0, 0, 0, 0, 0, 0, 0, 0, 0, -20, -11, -135
"c:\titan-automation\QuoteVaultPro\client\src\components\pbv2\builder-v2\PricingValidationPanel.tsx", "TypeScript JSX", 0, -246, 0, 0, 0, 0, 0, 0, 0, 0, 0, 0, 0, 0, 0, 0, -15, -261
"c:\titan-automation\QuoteVaultPro\client\src\components\pbv2\builder-v2\ProductHeader.tsx", "TypeScript JSX", 0, -105, 0, 0, 0, 0, 0, 0, 0, 0, 0, 0, 0, 0, 0, 0, -11, -116
"c:\titan-automation\QuoteVaultPro\client\src\components\production\ZoomPanImageViewer.tsx", "TypeScript JSX", 0, -257, 0, 0, 0, 0, 0, 0, 0, 0, 0, 0, 0, 0, 0, -38, -44, -339
"c:\titan-automation\QuoteVaultPro\client\src\components\quote-history.tsx", "TypeScript JSX", 0, -450, 0, 0, 0, 0, 0, 0, 0, 0, 0, 0, 0, 0, 0, -1, -33, -484
"c:\titan-automation\QuoteVaultPro\client\src\components\quote-source-badge.tsx", "TypeScript JSX", 0, -26, 0, 0, 0, 0, 0, 0, 0, 0, 0, 0, 0, 0, 0, 0, -6, -32
"c:\titan-automation\QuoteVaultPro\client\src\components\titan\ColumnConfig.tsx", "TypeScript JSX", 0, -417, 0, 0, 0, 0, 0, 0, 0, 0, 0, 0, 0, 0, 0, -12, -41, -470
"c:\titan-automation\QuoteVaultPro\client\src\components\titan\ContentLayout.tsx", "TypeScript JSX", 0, -9, 0, 0, 0, 0, 0, 0, 0, 0, 0, 0, 0, 0, 0, 0, -3, -12
"c:\titan-automation\QuoteVaultPro\client\src\components\titan\DataCard.tsx", "TypeScript JSX", 0, -40, 0, 0, 0, 0, 0, 0, 0, 0, 0, 0, 0, 0, 0, 0, -4, -44
"c:\titan-automation\QuoteVaultPro\client\src\components\titan\FilterPanel.tsx", "TypeScript JSX", 0, -27, 0, 0, 0, 0, 0, 0, 0, 0, 0, 0, 0, 0, 0, 0, -3, -30
"c:\titan-automation\QuoteVaultPro\client\src\components\titan\Page.tsx", "TypeScript JSX", 0, -19, 0, 0, 0, 0, 0, 0, 0, 0, 0, 0, 0, 0, 0, 0, -3, -22
"c:\titan-automation\QuoteVaultPro\client\src\components\titan\PageHeader.tsx", "TypeScript JSX", 0, -27, 0, 0, 0, 0, 0, 0, 0, 0, 0, 0, 0, 0, 0, 0, -3, -30
"c:\titan-automation\QuoteVaultPro\client\src\components\titan\Section.tsx", "TypeScript JSX", 0, -25, 0, 0, 0, 0, 0, 0, 0, 0, 0, 0, 0, 0, 0, 0, -3, -28
"c:\titan-automation\QuoteVaultPro\client\src\components\titan\StatusPill.tsx", "TypeScript JSX", 0, -46, 0, 0, 0, 0, 0, 0, 0, 0, 0, 0, 0, 0, 0, -5, -12, -63
"c:\titan-automation\QuoteVaultPro\client\src\components\titan\TitanButton.tsx", "TypeScript JSX", 0, -84, 0, 0, 0, 0, 0, 0, 0, 0, 0, 0, 0, 0, 0, 0, -7, -91
"c:\titan-automation\QuoteVaultPro\client\src\components\titan\TitanCard.tsx", "TypeScript JSX", 0, -33, 0, 0, 0, 0, 0, 0, 0, 0, 0, 0, 0, 0, 0, 0, -5, -38
"c:\titan-automation\QuoteVaultPro\client\src\components\titan\TitanSearchInput.tsx", "TypeScript JSX", 0, -32, 0, 0, 0, 0, 0, 0, 0, 0, 0, 0, 0, 0, 0, 0, -4, -36
"c:\titan-automation\QuoteVaultPro\client\src\components\titan\TitanStatCard.tsx", "TypeScript JSX", 0, -62, 0, 0, 0, 0, 0, 0, 0, 0, 0, 0, 0, 0, 0, -4, -5, -71
"c:\titan-automation\QuoteVaultPro\client\src\components\titan\TitanTable.tsx", "TypeScript JSX", 0, -131, 0, 0, 0, 0, 0, 0, 0, 0, 0, 0, 0, 0, 0, -27, -29, -187
"c:\titan-automation\QuoteVaultPro\client\src\components\titan\index.ts", "TypeScript", -25, 0, 0, 0, 0, 0, 0, 0, 0, 0, 0, 0, 0, 0, 0, -7, -7, -39
"c:\titan-automation\QuoteVaultPro\client\src\components\ui\PageShell.tsx", "TypeScript JSX", 0, -8, 0, 0, 0, 0, 0, 0, 0, 0, 0, 0, 0, 0, 0, 0, -2, -10
"c:\titan-automation\QuoteVaultPro\client\src\components\ui\TitanCard.tsx", "TypeScript JSX", 0, -17, 0, 0, 0, 0, 0, 0, 0, 0, 0, 0, 0, 0, 0, 0, -3, -20
"c:\titan-automation\QuoteVaultPro\client\src\components\ui\accordion.tsx", "TypeScript JSX", 0, -49, 0, 0, 0, 0, 0, 0, 0, 0, 0, 0, 0, 0, 0, 0, -8, -57
"c:\titan-automation\QuoteVaultPro\client\src\components\ui\alert-dialog.tsx", "TypeScript JSX", 0, -126, 0, 0, 0, 0, 0, 0, 0, 0, 0, 0, 0, 0, 0, 0, -14, -140
"c:\titan-automation\QuoteVaultPro\client\src\components\ui\alert.tsx", "TypeScript JSX", 0, -53, 0, 0, 0, 0, 0, 0, 0, 0, 0, 0, 0, 0, 0, 0, -7, -60
"c:\titan-automation\QuoteVaultPro\client\src\components\ui\aspect-ratio.tsx", "TypeScript JSX", 0, -3, 0, 0, 0, 0, 0, 0, 0, 0, 0, 0, 0, 0, 0, 0, -3, -6
"c:\titan-automation\QuoteVaultPro\client\src\components\ui\avatar.tsx", "TypeScript JSX", 0, -45, 0, 0, 0, 0, 0, 0, 0, 0, 0, 0, 0, 0, 0, 0, -7, -52
"c:\titan-automation\QuoteVaultPro\client\src\components\ui\badge.tsx", "TypeScript JSX", 0, -31, 0, 0, 0, 0, 0, 0, 0, 0, 0, 0, 0, 0, 0, -1, -7, -39
"c:\titan-automation\QuoteVaultPro\client\src\components\ui\breadcrumb.tsx", "TypeScript JSX", 0, -105, 0, 0, 0, 0, 0, 0, 0, 0, 0, 0, 0, 0, 0, 0, -11, -116
"c:\titan-automation\QuoteVaultPro\client\src\components\ui\button.tsx", "TypeScript JSX", 0, -52, 0, 0, 0, 0, 0, 0, 0, 0, 0, 0, 0, 0, 0, -6, -6, -64
"c:\titan-automation\QuoteVaultPro\client\src\components\ui\calendar.tsx", "TypeScript JSX", 0, -64, 0, 0, 0, 0, 0, 0, 0, 0, 0, 0, 0, 0, 0, 0, -5, -69
"c:\titan-automation\QuoteVaultPro\client\src\components\ui\card.tsx", "TypeScript JSX", 0, -78, 0, 0, 0, 0, 0, 0, 0, 0, 0, 0, 0, 0, 0, 0, -8, -86
"c:\titan-automation\QuoteVaultPro\client\src\components\ui\carousel.tsx", "TypeScript JSX", 0, -231, 0, 0, 0, 0, 0, 0, 0, 0, 0, 0, 0, 0, 0, 0, -30, -261
"c:\titan-automation\QuoteVaultPro\client\src\components\ui\chart.tsx", "TypeScript JSX", 0, -331, 0, 0, 0, 0, 0, 0, 0, 0, 0, 0, 0, 0, 0, -2, -33, -366
"c:\titan-automation\QuoteVaultPro\client\src\components\ui\checkbox.tsx", "TypeScript JSX", 0, -25, 0, 0, 0, 0, 0, 0, 0, 0, 0, 0, 0, 0, 0, 0, -4, -29
"c:\titan-automation\QuoteVaultPro\client\src\components\ui\collapsible.tsx", "TypeScript JSX", 0, -6, 0, 0, 0, 0, 0, 0, 0, 0, 0, 0, 0, 0, 0, 0, -6, -12
"c:\titan-automation\QuoteVaultPro\client\src\components\ui\command.tsx", "TypeScript JSX", 0, -135, 0, 0, 0, 0, 0, 0, 0, 0, 0, 0, 0, 0, 0, 0, -17, -152
"c:\titan-automation\QuoteVaultPro\client\src\components\ui\context-menu.tsx", "TypeScript JSX", 0, -181, 0, 0, 0, 0, 0, 0, 0, 0, 0, 0, 0, 0, 0, 0, -18, -199
"c:\titan-automation\QuoteVaultPro\client\src\components\ui\dialog.tsx", "TypeScript JSX", 0, -109, 0, 0, 0, 0, 0, 0, 0, 0, 0, 0, 0, 0, 0, 0, -14, -123
"c:\titan-automation\QuoteVaultPro\client\src\components\ui\drawer.tsx", "TypeScript JSX", 0, -105, 0, 0, 0, 0, 0, 0, 0, 0, 0, 0, 0, 0, 0, 0, -14, -119
"c:\titan-automation\QuoteVaultPro\client\src\components\ui\dropdown-menu.tsx", "TypeScript JSX", 0, -181, 0, 0, 0, 0, 0, 0, 0, 0, 0, 0, 0, 0, 0, 0, -18, -199
"c:\titan-automation\QuoteVaultPro\client\src\components\ui\form.tsx", "TypeScript JSX", 0, -153, 0, 0, 0, 0, 0, 0, 0, 0, 0, 0, 0, 0, 0, 0, -26, -179
"c:\titan-automation\QuoteVaultPro\client\src\components\ui\hover-card.tsx", "TypeScript JSX", 0, -23, 0, 0, 0, 0, 0, 0, 0, 0, 0, 0, 0, 0, 0, 0, -7, -30
"c:\titan-automation\QuoteVaultPro\client\src\components\ui\input-otp.tsx", "TypeScript JSX", 0, -62, 0, 0, 0, 0, 0, 0, 0, 0, 0, 0, 0, 0, 0, 0, -8, -70
"c:\titan-automation\QuoteVaultPro\client\src\components\ui\input.tsx", "TypeScript JSX", 0, -19, 0, 0, 0, 0, 0, 0, 0, 0, 0, 0, 0, 0, 0, -1, -4, -24
"c:\titan-automation\QuoteVaultPro\client\src\components\ui\label.tsx", "TypeScript JSX", 0, -20, 0, 0, 0, 0, 0, 0, 0, 0, 0, 0, 0, 0, 0, 0, -5, -25
"c:\titan-automation\QuoteVaultPro\client\src\components\ui\menubar.tsx", "TypeScript JSX", 0, -237, 0, 0, 0, 0, 0, 0, 0, 0, 0, 0, 0, 0, 0, 0, -20, -257
"c:\titan-automation\QuoteVaultPro\client\src\components\ui\navigation-menu.tsx", "TypeScript JSX", 0, -117, 0, 0, 0, 0, 0, 0, 0, 0, 0, 0, 0, 0, 0, 0, -12, -129
"c:\titan-automation\QuoteVaultPro\client\src\components\ui\pagination.tsx", "TypeScript JSX", 0, -107, 0, 0, 0, 0, 0, 0, 0, 0, 0, 0, 0, 0, 0, 0, -11, -118
"c:\titan-automation\QuoteVaultPro\client\src\components\ui\popover.tsx", "TypeScript JSX", 0, -24, 0, 0, 0, 0, 0, 0, 0, 0, 0, 0, 0, 0, 0, 0, -6, -30
"c:\titan-automation\QuoteVaultPro\client\src\components\ui\progress.tsx", "TypeScript JSX", 0, -24, 0, 0, 0, 0, 0, 0, 0, 0, 0, 0, 0, 0, 0, 0, -5, -29
"c:\titan-automation\QuoteVaultPro\client\src\components\ui\radio-group.tsx", "TypeScript JSX", 0, -38, 0, 0, 0, 0, 0, 0, 0, 0, 0, 0, 0, 0, 0, 0, -5, -43
"c:\titan-automation\QuoteVaultPro\client\src\components\ui\resizable.tsx", "TypeScript JSX", 0, -39, 0, 0, 0, 0, 0, 0, 0, 0, 0, 0, 0, 0, 0, 0, -7, -46
"c:\titan-automation\QuoteVaultPro\client\src\components\ui\scroll-area.tsx", "TypeScript JSX", 0, -42, 0, 0, 0, 0, 0, 0, 0, 0, 0, 0, 0, 0, 0, 0, -5, -47
"c:\titan-automation\QuoteVaultPro\client\src\components\ui\select.tsx", "TypeScript JSX", 0, -146, 0, 0, 0, 0, 0, 0, 0, 0, 0, 0, 0, 0, 0, 0, -15, -161
"c:\titan-automation\QuoteVaultPro\client\src\components\ui\separator.tsx", "TypeScript JSX", 0, -26, 0, 0, 0, 0, 0, 0, 0, 0, 0, 0, 0, 0, 0, 0, -4, -30
"c:\titan-automation\QuoteVaultPro\client\src\components\ui\sheet.tsx", "TypeScript JSX", 0, -125, 0, 0, 0, 0, 0, 0, 0, 0, 0, 0, 0, 0, 0, 0, -16, -141
"c:\titan-automation\QuoteVaultPro\client\src\components\ui\sidebar.tsx", "TypeScript JSX", 0, -660, 0, 0, 0, 0, 0, 0, 0, 0, 0, 0, 0, 0, 0, -13, -55, -728
"c:\titan-automation\QuoteVaultPro\client\src\components\ui\skeleton.tsx", "TypeScript JSX", 0, -13, 0, 0, 0, 0, 0, 0, 0, 0, 0, 0, 0, 0, 0, 0, -3, -16
"c:\titan-automation\QuoteVaultPro\client\src\components\ui\slider.tsx", "TypeScript JSX", 0, -23, 0, 0, 0, 0, 0, 0, 0, 0, 0, 0, 0, 0, 0, 0, -4, -27
"c:\titan-automation\QuoteVaultPro\client\src\components\ui\switch.tsx", "TypeScript JSX", 0, -24, 0, 0, 0, 0, 0, 0, 0, 0, 0, 0, 0, 0, 0, 0, -4, -28
"c:\titan-automation\QuoteVaultPro\client\src\components\ui\table.tsx", "TypeScript JSX", 0, -107, 0, 0, 0, 0, 0, 0, 0, 0, 0, 0, 0, 0, 0, 0, -11, -118
"c:\titan-automation\QuoteVaultPro\client\src\components\ui\tabs.tsx", "TypeScript JSX", 0, -47, 0, 0, 0, 0, 0, 0, 0, 0, 0, 0, 0, 0, 0, 0, -7, -54
"c:\titan-automation\QuoteVaultPro\client\src\components\ui\textarea.tsx", "TypeScript JSX", 0, -19, 0, 0, 0, 0, 0, 0, 0, 0, 0, 0, 0, 0, 0, 0, -4, -23
"c:\titan-automation\QuoteVaultPro\client\src\components\ui\toast.tsx", "TypeScript JSX", 0, -115, 0, 0, 0, 0, 0, 0, 0, 0, 0, 0, 0, 0, 0, 0, -13, -128
"c:\titan-automation\QuoteVaultPro\client\src\components\ui\toaster.tsx", "TypeScript JSX", 0, -31, 0, 0, 0, 0, 0, 0, 0, 0, 0, 0, 0, 0, 0, 0, -3, -34
"c:\titan-automation\QuoteVaultPro\client\src\components\ui\toggle-group.tsx", "TypeScript JSX", 0, -52, 0, 0, 0, 0, 0, 0, 0, 0, 0, 0, 0, 0, 0, 0, -10, -62
"c:\titan-automation\QuoteVaultPro\client\src\components\ui\toggle.tsx", "TypeScript JSX", 0, -38, 0, 0, 0, 0, 0, 0, 0, 0, 0, 0, 0, 0, 0, 0, -6, -44
"c:\titan-automation\QuoteVaultPro\client\src\components\ui\tooltip.tsx", "TypeScript JSX", 0, -23, 0, 0, 0, 0, 0, 0, 0, 0, 0, 0, 0, 0, 0, 0, -8, -31
"c:\titan-automation\QuoteVaultPro\client\src\components\user-management.tsx", "TypeScript JSX", 0, -291, 0, 0, 0, 0, 0, 0, 0, 0, 0, 0, 0, 0, 0, -1, -14, -306
"c:\titan-automation\QuoteVaultPro\client\src\config\routes.ts", "TypeScript", -78, 0, 0, 0, 0, 0, 0, 0, 0, 0, 0, 0, 0, 0, 0, -113, -20, -211
"c:\titan-automation\QuoteVaultPro\client\src\docs\thumbnail-status-auto-refresh-audit.md", "Markdown", 0, 0, 0, 0, 0, 0, -233, 0, 0, 0, 0, 0, 0, 0, 0, 0, -63, -296
"c:\titan-automation\QuoteVaultPro\client\src\features\customers\EnhancedCustomerView.tsx", "TypeScript JSX", 0, -1845, 0, 0, 0, 0, 0, 0, 0, 0, 0, 0, 0, 0, 0, -86, -145, -2076
"c:\titan-automation\QuoteVaultPro\client\src\features\customers\index.ts", "TypeScript", -1, 0, 0, 0, 0, 0, 0, 0, 0, 0, 0, 0, 0, 0, 0, 0, -1, -2
"c:\titan-automation\QuoteVaultPro\client\src\features\documents\create\DocumentCreateForm.tsx", "TypeScript JSX", 0, -806, 0, 0, 0, 0, 0, 0, 0, 0, 0, 0, 0, 0, 0, -45, -70, -921
"c:\titan-automation\QuoteVaultPro\client\src\features\materials\CreateMaterialDialog.tsx", "TypeScript JSX", 0, -316, 0, 0, 0, 0, 0, 0, 0, 0, 0, 0, 0, 0, 0, -1, -22, -339
"c:\titan-automation\QuoteVaultPro\client\src\features\production\ProductionViewRenderer.tsx", "TypeScript JSX", 0, -21, 0, 0, 0, 0, 0, 0, 0, 0, 0, 0, 0, 0, 0, 0, -5, -26
"c:\titan-automation\QuoteVaultPro\client\src\features\production\theme\productionCardTheme.ts", "TypeScript", -61, 0, 0, 0, 0, 0, 0, 0, 0, 0, 0, 0, 0, 0, 0, -13, -8, -82
"c:\titan-automation\QuoteVaultPro\client\src\features\production\views\FlatbedProductionView.tsx", "TypeScript JSX", 0, -1433, 0, 0, 0, 0, 0, 0, 0, 0, 0, 0, 0, 0, 0, -66, -128, -1627
"c:\titan-automation\QuoteVaultPro\client\src\features\production\views\ProductionOverviewPage.tsx", "TypeScript JSX", 0, -1876, 0, 0, 0, 0, 0, 0, 0, 0, 0, 0, 0, 0, 0, -134, -190, -2200
"c:\titan-automation\QuoteVaultPro\client\src\features\production\views\RollProductionView.tsx", "TypeScript JSX", 0, -1464, 0, 0, 0, 0, 0, 0, 0, 0, 0, 0, 0, 0, 0, -66, -128, -1658
"c:\titan-automation\QuoteVaultPro\client\src\features\products\editor\ProductOptionsEditor.tsx", "TypeScript JSX", 0, -918, 0, 0, 0, 0, 0, 0, 0, 0, 0, 0, 0, 0, 0, -12, -95, -1025
"c:\titan-automation\QuoteVaultPro\client\src\features\quotes\editor\QuoteEditorPage.tsx", "TypeScript JSX", 0, -884, 0, 0, 0, 0, 0, 0, 0, 0, 0, 0, 0, 0, 0, -174, -117, -1175
"c:\titan-automation\QuoteVaultPro\client\src\features\quotes\editor\components\CustomerCard.tsx", "TypeScript JSX", 0, -397, 0, 0, 0, 0, 0, 0, 0, 0, 0, 0, 0, 0, 0, -9, -27, -433
"c:\titan-automation\QuoteVaultPro\client\src\features\quotes\editor\components\CustomerInfoFooter.tsx", "TypeScript JSX", 0, -122, 0, 0, 0, 0, 0, 0, 0, 0, 0, 0, 0, 0, 0, -2, -16, -140
"c:\titan-automation\QuoteVaultPro\client\src\features\quotes\editor\components\FulfillmentCard.tsx", "TypeScript JSX", 0, -222, 0, 0, 0, 0, 0, 0, 0, 0, 0, 0, 0, 0, 0, -4, -6, -232
"c:\titan-automation\QuoteVaultPro\client\src\features\quotes\editor\components\LineItemBuilder.tsx", "TypeScript JSX", 0, -340, 0, 0, 0, 0, 0, 0, 0, 0, 0, 0, 0, 0, 0, -12, -21, -373
"c:\titan-automation\QuoteVaultPro\client\src\features\quotes\editor\components\LineItemsSection.tsx", "TypeScript JSX", 0, -1040, 0, 0, 0, 0, 0, 0, 0, 0, 0, 0, 0, 0, 0, -61, -102, -1203
"c:\titan-automation\QuoteVaultPro\client\src\features\quotes\editor\components\LineItemsTable.tsx", "TypeScript JSX", 0, -316, 0, 0, 0, 0, 0, 0, 0, 0, 0, 0, 0, 0, 0, -13, -26, -355
"c:\titan-automation\QuoteVaultPro\client\src\features\quotes\editor\components\ProductOptionsPanel.tsx", "TypeScript JSX", 0, -595, 0, 0, 0, 0, 0, 0, 0, 0, 0, 0, 0, 0, 0, -7, -58, -660
"c:\titan-automation\QuoteVaultPro\client\src\features\quotes\editor\components\ProductOptionsPanelV2.tsx", "TypeScript JSX", 0, -334, 0, 0, 0, 0, 0, 0, 0, 0, 0, 0, 0, 0, 0, -2, -48, -384
"c:\titan-automation\QuoteVaultPro\client\src\features\quotes\editor\components\QuoteHeader.tsx", "TypeScript JSX", 0, -112, 0, 0, 0, 0, 0, 0, 0, 0, 0, 0, 0, 0, 0, -9, -11, -132
"c:\titan-automation\QuoteVaultPro\client\src\features\quotes\editor\components\SummaryCard.tsx", "TypeScript JSX", 0, -427, 0, 0, 0, 0, 0, 0, 0, 0, 0, 0, 0, 0, 0, -23, -24, -474
"c:\titan-automation\QuoteVaultPro\client\src\features\quotes\editor\types.ts", "TypeScript", -44, 0, 0, 0, 0, 0, 0, 0, 0, 0, 0, 0, 0, 0, 0, -10, -4, -58
"c:\titan-automation\QuoteVaultPro\client\src\features\quotes\editor\useQuoteEditorState.ts", "TypeScript", -2094, 0, 0, 0, 0, 0, 0, 0, 0, 0, 0, 0, 0, 0, 0, -333, -313, -2740
"c:\titan-automation\QuoteVaultPro\client\src\features\quotes\editor\utils.ts", "TypeScript", -17, 0, 0, 0, 0, 0, 0, 0, 0, 0, 0, 0, 0, 0, 0, -8, -3, -28
"c:\titan-automation\QuoteVaultPro\client\src\features\quotes\utils\formatQuoteNumberWithVariant.ts", "TypeScript", -10, 0, 0, 0, 0, 0, 0, 0, 0, 0, 0, 0, 0, 0, 0, 0, -6, -16
"c:\titan-automation\QuoteVaultPro\client\src\hooks\use-mobile.tsx", "TypeScript JSX", 0, -15, 0, 0, 0, 0, 0, 0, 0, 0, 0, 0, 0, 0, 0, 0, -5, -20
"c:\titan-automation\QuoteVaultPro\client\src\hooks\use-toast.ts", "TypeScript", -159, 0, 0, 0, 0, 0, 0, 0, 0, 0, 0, 0, 0, 0, 0, -2, -31, -192
"c:\titan-automation\QuoteVaultPro\client\src\hooks\useAuth.ts", "TypeScript", -68, 0, 0, 0, 0, 0, 0, 0, 0, 0, 0, 0, 0, 0, 0, -8, -16, -92
"c:\titan-automation\QuoteVaultPro\client\src\hooks\useContacts.ts", "TypeScript", -169, 0, 0, 0, 0, 0, 0, 0, 0, 0, 0, 0, 0, 0, 0, -10, -23, -202
"c:\titan-automation\QuoteVaultPro\client\src\hooks\useCustomer.ts", "TypeScript", -102, 0, 0, 0, 0, 0, 0, 0, 0, 0, 0, 0, 0, 0, 0, -6, -9, -117
"c:\titan-automation\QuoteVaultPro\client\src\hooks\useGlobalSearch.ts", "TypeScript", -75, 0, 0, 0, 0, 0, 0, 0, 0, 0, 0, 0, 0, 0, 0, -3, -18, -96
"c:\titan-automation\QuoteVaultPro\client\src\hooks\useInvoices.ts", "TypeScript", -367, 0, 0, 0, 0, 0, 0, 0, 0, 0, 0, 0, 0, 0, 0, -15, -20, -402
"c:\titan-automation\QuoteVaultPro\client\src\hooks\useJobs.ts", "TypeScript", -226, 0, 0, 0, 0, 0, 0, 0, 0, 0, 0, 0, 0, 0, 0, -2, -18, -246
"c:\titan-automation\QuoteVaultPro\client\src\hooks\useListViewSettings.ts", "TypeScript", -48, 0, 0, 0, 0, 0, 0, 0, 0, 0, 0, 0, 0, 0, 0, -1, -12, -61
"c:\titan-automation\QuoteVaultPro\client\src\hooks\useManualReservations.ts", "TypeScript", -79, 0, 0, 0, 0, 0, 0, 0, 0, 0, 0, 0, 0, 0, 0, 0, -12, -91
"c:\titan-automation\QuoteVaultPro\client\src\hooks\useMaterials.ts", "TypeScript", -258, 0, 0, 0, 0, 0, 0, 0, 0, 0, 0, 0, 0, 0, 0, -3, -17, -278
"c:\titan-automation\QuoteVaultPro\client\src\hooks\useOrderAttachments.ts", "TypeScript", -30, 0, 0, 0, 0, 0, 0, 0, 0, 0, 0, 0, 0, 0, 0, 0, -6, -36
"c:\titan-automation\QuoteVaultPro\client\src\hooks\useOrderFiles.ts", "TypeScript", -247, 0, 0, 0, 0, 0, 0, 0, 0, 0, 0, 0, 0, 0, 0, -53, -42, -342
"c:\titan-automation\QuoteVaultPro\client\src\hooks\useOrderLineItemPreviews.ts", "TypeScript", -23, 0, 0, 0, 0, 0, 0, 0, 0, 0, 0, 0, 0, 0, 0, 0, -3, -26
"c:\titan-automation\QuoteVaultPro\client\src\hooks\useOrderState.ts", "TypeScript", -118, 0, 0, 0, 0, 0, 0, 0, 0, 0, 0, 0, 0, 0, 0, -27, -17, -162
"c:\titan-automation\QuoteVaultPro\client\src\hooks\useOrderStatusPills.ts", "TypeScript", -222, 0, 0, 0, 0, 0, 0, 0, 0, 0, 0, 0, 0, 0, 0, -31, -32, -285
"c:\titan-automation\QuoteVaultPro\client\src\hooks\useOrders.ts", "TypeScript", -642, 0, 0, 0, 0, 0, 0, 0, 0, 0, 0, 0, 0, 0, 0, -66, -79, -787
"c:\titan-automation\QuoteVaultPro\client\src\hooks\useOrgPreferences.ts", "TypeScript", -121, 0, 0, 0, 0, 0, 0, 0, 0, 0, 0, 0, 0, 0, 0, -5, -14, -140
"c:\titan-automation\QuoteVaultPro\client\src\hooks\usePortal.ts", "TypeScript", -170, 0, 0, 0, 0, 0, 0, 0, 0, 0, 0, 0, 0, 0, 0, 0, -11, -181
"c:\titan-automation\QuoteVaultPro\client\src\hooks\usePrepress.tsx", "TypeScript JSX", 0, -167, 0, 0, 0, 0, 0, 0, 0, 0, 0, 0, 0, 0, 0, -31, -30, -228
"c:\titan-automation\QuoteVaultPro\client\src\hooks\usePricingFormulas.ts", "TypeScript", -139, 0, 0, 0, 0, 0, 0, 0, 0, 0, 0, 0, 0, 0, 0, 0, -12, -151
"c:\titan-automation\QuoteVaultPro\client\src\hooks\useProductBuilderDraft.ts", "TypeScript", -71, 0, 0, 0, 0, 0, 0, 0, 0, 0, 0, 0, 0, 0, 0, -8, -14, -93
"c:\titan-automation\QuoteVaultPro\client\src\hooks\useProductTypes.ts", "TypeScript", -99, 0, 0, 0, 0, 0, 0, 0, 0, 0, 0, 0, 0, 0, 0, 0, -9, -108
"c:\titan-automation\QuoteVaultPro\client\src\hooks\useProduction.ts", "TypeScript", -488, 0, 0, 0, 0, 0, 0, 0, 0, 0, 0, 0, 0, 0, 0, -4, -27, -519
"c:\titan-automation\QuoteVaultPro\client\src\hooks\useProductionSettings.ts", "TypeScript", -48, 0, 0, 0, 0, 0, 0, 0, 0, 0, 0, 0, 0, 0, 0, -1, -5, -54
"c:\titan-automation\QuoteVaultPro\client\src\hooks\usePurchaseOrders.ts", "TypeScript", -185, 0, 0, 0, 0, 0, 0, 0, 0, 0, 0, 0, 0, 0, 0, 0, -13, -198
"c:\titan-automation\QuoteVaultPro\client\src\hooks\useQuoteWorkflowState.ts", "TypeScript", -17, 0, 0, 0, 0, 0, 0, 0, 0, 0, 0, 0, 0, 0, 0, -3, -6, -26
"c:\titan-automation\QuoteVaultPro\client\src\hooks\useShipments.ts", "TypeScript", -137, 0, 0, 0, 0, 0, 0, 0, 0, 0, 0, 0, 0, 0, 0, -7, -13, -157
"c:\titan-automation\QuoteVaultPro\client\src\hooks\useTableColumnConfig.ts", "TypeScript", -55, 0, 0, 0, 0, 0, 0, 0, 0, 0, 0, 0, 0, 0, 0, -1, -10, -66
"c:\titan-automation\QuoteVaultPro\client\src\hooks\useTheme.tsx", "TypeScript JSX", 0, -75, 0, 0, 0, 0, 0, 0, 0, 0, 0, 0, 0, 0, 0, -8, -11, -94
"c:\titan-automation\QuoteVaultPro\client\src\hooks\useUserPreferences.ts", "TypeScript", -41, 0, 0, 0, 0, 0, 0, 0, 0, 0, 0, 0, 0, 0, 0, -8, -14, -63
"c:\titan-automation\QuoteVaultPro\client\src\hooks\useVendors.ts", "TypeScript", -114, 0, 0, 0, 0, 0, 0, 0, 0, 0, 0, 0, 0, 0, 0, 0, -9, -123
"c:\titan-automation\QuoteVaultPro\client\src\index.css", "PostCSS", 0, 0, 0, 0, 0, -350, 0, 0, 0, 0, 0, 0, 0, 0, 0, -25, -87, -462
"c:\titan-automation\QuoteVaultPro\client\src\lib\__tests__\productionHelpers.test.ts", "TypeScript", -92, 0, 0, 0, 0, 0, 0, 0, 0, 0, 0, 0, 0, 0, 0, -12, -22, -126
"c:\titan-automation\QuoteVaultPro\client\src\lib\apiConfig.ts", "TypeScript", -24, 0, 0, 0, 0, 0, 0, 0, 0, 0, 0, 0, 0, 0, 0, -58, -10, -92
"c:\titan-automation\QuoteVaultPro\client\src\lib\attachments.ts", "TypeScript", -54, 0, 0, 0, 0, 0, 0, 0, 0, 0, 0, 0, 0, 0, 0, -35, -18, -107
"c:\titan-automation\QuoteVaultPro\client\src\lib\attachments\attachmentStatus.ts", "TypeScript", -45, 0, 0, 0, 0, 0, 0, 0, 0, 0, 0, 0, 0, 0, 0, -41, -19, -105
"c:\titan-automation\QuoteVaultPro\client\src\lib\authUtils.ts", "TypeScript", -3, 0, 0, 0, 0, 0, 0, 0, 0, 0, 0, 0, 0, 0, 0, 0, -1, -4
"c:\titan-automation\QuoteVaultPro\client\src\lib\config\storage.ts", "TypeScript", -11, 0, 0, 0, 0, 0, 0, 0, 0, 0, 0, 0, 0, 0, 0, -1, -3, -15
"c:\titan-automation\QuoteVaultPro\client\src\lib\downloadFile.ts", "TypeScript", -117, 0, 0, 0, 0, 0, 0, 0, 0, 0, 0, 0, 0, 0, 0, -23, -22, -162
"c:\titan-automation\QuoteVaultPro\client\src\lib\fileUtils.ts", "TypeScript", -61, 0, 0, 0, 0, 0, 0, 0, 0, 0, 0, 0, 0, 0, 0, -25, -14, -100
"c:\titan-automation\QuoteVaultPro\client\src\lib\getThumbSrc.ts", "TypeScript", -39, 0, 0, 0, 0, 0, 0, 0, 0, 0, 0, 0, 0, 0, 0, -18, -14, -71
"c:\titan-automation\QuoteVaultPro\client\src\lib\lineItems\lineItemDerivation.ts", "TypeScript", -83, 0, 0, 0, 0, 0, 0, 0, 0, 0, 0, 0, 0, 0, 0, -2, -16, -101
"c:\titan-automation\QuoteVaultPro\client\src\lib\nav.ts", "TypeScript", -64, 0, 0, 0, 0, 0, 0, 0, 0, 0, 0, 0, 0, 0, 0, -4, -5, -73
"c:\titan-automation\QuoteVaultPro\client\src\lib\optionChoiceValidation.ts", "TypeScript", -20, 0, 0, 0, 0, 0, 0, 0, 0, 0, 0, 0, 0, 0, 0, 0, -6, -26
"c:\titan-automation\QuoteVaultPro\client\src\lib\optionTreeV2PricingCodec.ts", "TypeScript", -105, 0, 0, 0, 0, 0, 0, 0, 0, 0, 0, 0, 0, 0, 0, -14, -13, -132
"c:\titan-automation\QuoteVaultPro\client\src\lib\orderUtils.ts", "TypeScript", -28, 0, 0, 0, 0, 0, 0, 0, 0, 0, 0, 0, 0, 0, 0, -20, -8, -56
"c:\titan-automation\QuoteVaultPro\client\src\lib\pbv2\pbv2Outputs.ts", "TypeScript", -10, 0, 0, 0, 0, 0, 0, 0, 0, 0, 0, 0, 0, 0, 0, 0, -2, -12
"c:\titan-automation\QuoteVaultPro\client\src\lib\pbv2\pbv2ViewModel.ts", "TypeScript", -370, 0, 0, 0, 0, 0, 0, 0, 0, 0, 0, 0, 0, 0, 0, -49, -57, -476
"c:\titan-automation\QuoteVaultPro\client\src\lib\pdfUrls.ts", "TypeScript", -45, 0, 0, 0, 0, 0, 0, 0, 0, 0, 0, 0, 0, 0, 0, -17, -11, -73
"c:\titan-automation\QuoteVaultPro\client\src\lib\productionHelpers.ts", "TypeScript", -90, 0, 0, 0, 0, 0, 0, 0, 0, 0, 0, 0, 0, 0, 0, -26, -16, -132
"c:\titan-automation\QuoteVaultPro\client\src\lib\queryClient.ts", "TypeScript", -60, 0, 0, 0, 0, 0, 0, 0, 0, 0, 0, 0, 0, 0, 0, -4, -13, -77
"c:\titan-automation\QuoteVaultPro\client\src\lib\stripeClient.ts", "TypeScript", -14, 0, 0, 0, 0, 0, 0, 0, 0, 0, 0, 0, 0, 0, 0, -18, -6, -38
"c:\titan-automation\QuoteVaultPro\client\src\lib\tests\optionTreeV2PricingCodec.test.ts", "TypeScript", -76, 0, 0, 0, 0, 0, 0, 0, 0, 0, 0, 0, 0, 0, 0, -1, -14, -91
"c:\titan-automation\QuoteVaultPro\client\src\lib\ui\persistExpandedLineItem.ts", "TypeScript", -34, 0, 0, 0, 0, 0, 0, 0, 0, 0, 0, 0, 0, 0, 0, -29, -5, -68
"c:\titan-automation\QuoteVaultPro\client\src\lib\ui\persistScrollPosition.ts", "TypeScript", -26, 0, 0, 0, 0, 0, 0, 0, 0, 0, 0, 0, 0, 0, 0, -22, -5, -53
"c:\titan-automation\QuoteVaultPro\client\src\lib\uploads\fileToBase64.ts", "TypeScript", -20, 0, 0, 0, 0, 0, 0, 0, 0, 0, 0, 0, 0, 0, 0, -1, -5, -26
"c:\titan-automation\QuoteVaultPro\client\src\lib\utils.ts", "TypeScript", -28, 0, 0, 0, 0, 0, 0, 0, 0, 0, 0, 0, 0, 0, 0, -7, -9, -44
"c:\titan-automation\QuoteVaultPro\client\src\lib\viewUrlForIframe.ts", "TypeScript", -40, 0, 0, 0, 0, 0, 0, 0, 0, 0, 0, 0, 0, 0, 0, -16, -12, -68
"c:\titan-automation\QuoteVaultPro\client\src\main.tsx", "TypeScript JSX", 0, -21, 0, 0, 0, 0, 0, 0, 0, 0, 0, 0, 0, 0, 0, -3, -4, -28
"c:\titan-automation\QuoteVaultPro\client\src\pages\ApprovalsPage.tsx", "TypeScript JSX", 0, -307, 0, 0, 0, 0, 0, 0, 0, 0, 0, 0, 0, 0, 0, -5, -15, -327
"c:\titan-automation\QuoteVaultPro\client\src\pages\ProductEditorPage.tsx", "TypeScript JSX", 0, -324, 0, 0, 0, 0, 0, 0, 0, 0, 0, 0, 0, 0, 0, -3, -27, -354
"c:\titan-automation\QuoteVaultPro\client\src\pages\admin-users.tsx", "TypeScript JSX", 0, -393, 0, 0, 0, 0, 0, 0, 0, 0, 0, 0, 0, 0, 0, 0, -20, -413
"c:\titan-automation\QuoteVaultPro\client\src\pages\admin.tsx", "TypeScript JSX", 0, -50, 0, 0, 0, 0, 0, 0, 0, 0, 0, 0, 0, 0, 0, 0, -8, -58
"c:\titan-automation\QuoteVaultPro\client\src\pages\audit-logs.tsx", "TypeScript JSX", 0, -295, 0, 0, 0, 0, 0, 0, 0, 0, 0, 0, 0, 0, 0, -2, -22, -319
"c:\titan-automation\QuoteVaultPro\client\src\pages\company-settings.tsx", "TypeScript JSX", 0, -272, 0, 0, 0, 0, 0, 0, 0, 0, 0, 0, 0, 0, 0, -3, -23, -298
"c:\titan-automation\QuoteVaultPro\client\src\pages\contact-detail.tsx", "TypeScript JSX", 0, -327, 0, 0, 0, 0, 0, 0, 0, 0, 0, 0, 0, 0, 0, -17, -25, -369
"c:\titan-automation\QuoteVaultPro\client\src\pages\contacts.tsx", "TypeScript JSX", 0, -568, 0, 0, 0, 0, 0, 0, 0, 0, 0, 0, 0, 0, 0, -17, -25, -610
"c:\titan-automation\QuoteVaultPro\client\src\pages\create-order.tsx", "TypeScript JSX", 0, -72, 0, 0, 0, 0, 0, 0, 0, 0, 0, 0, 0, 0, 0, -3, -6, -81
"c:\titan-automation\QuoteVaultPro\client\src\pages\create-quote.tsx", "TypeScript JSX", 0, -74, 0, 0, 0, 0, 0, 0, 0, 0, 0, 0, 0, 0, 0, -2, -5, -81
"c:\titan-automation\QuoteVaultPro\client\src\pages\customer-detail-enhanced.tsx", "TypeScript JSX", 0, -24, 0, 0, 0, 0, 0, 0, 0, 0, 0, 0, 0, 0, 0, -7, -6, -37
"c:\titan-automation\QuoteVaultPro\client\src\pages\customer-detail.tsx", "TypeScript JSX", 0, -656, 0, 0, 0, 0, 0, 0, 0, 0, 0, 0, 0, 0, 0, -6, -37, -699
"c:\titan-automation\QuoteVaultPro\client\src\pages\customer-quotes.tsx", "TypeScript JSX", 0, -250, 0, 0, 0, 0, 0, 0, 0, 0, 0, 0, 0, 0, 0, -1, -18, -269
"c:\titan-automation\QuoteVaultPro\client\src\pages\customers.tsx", "TypeScript JSX", 0, -237, 0, 0, 0, 0, 0, 0, 0, 0, 0, 0, 0, 0, 0, -36, -30, -303
"c:\titan-automation\QuoteVaultPro\client\src\pages\debug-user.tsx", "TypeScript JSX", 0, -45, 0, 0, 0, 0, 0, 0, 0, 0, 0, 0, 0, 0, 0, 0, -5, -50
"c:\titan-automation\QuoteVaultPro\client\src\pages\dev\DevLineItemRowEnterprisePreview.tsx", "TypeScript JSX", 0, -144, 0, 0, 0, 0, 0, 0, 0, 0, 0, 0, 0, 0, 0, 0, -19, -163
"c:\titan-automation\QuoteVaultPro\client\src\pages\edit-quote.tsx", "TypeScript JSX", 0, -1047, 0, 0, 0, 0, 0, 0, 0, 0, 0, 0, 0, 0, 0, -40, -72, -1159
"c:\titan-automation\QuoteVaultPro\client\src\pages\force-password-change.tsx", "TypeScript JSX", 0, -128, 0, 0, 0, 0, 0, 0, 0, 0, 0, 0, 0, 0, 0, -3, -16, -147
"c:\titan-automation\QuoteVaultPro\client\src\pages\forgot-password.tsx", "TypeScript JSX", 0, -148, 0, 0, 0, 0, 0, 0, 0, 0, 0, 0, 0, 0, 0, 0, -14, -162
"c:\titan-automation\QuoteVaultPro\client\src\pages\home.tsx", "TypeScript JSX", 0, -317, 0, 0, 0, 0, 0, 0, 0, 0, 0, 0, 0, 0, 0, -6, -22, -345
"c:\titan-automation\QuoteVaultPro\client\src\pages\internal-quotes.tsx", "TypeScript JSX", 0, -1450, 0, 0, 0, 0, 0, 0, 0, 0, 0, 0, 0, 0, 0, -56, -124, -1630
"c:\titan-automation\QuoteVaultPro\client\src\pages\invoice-detail.tsx", "TypeScript JSX", 0, -1799, 0, 0, 0, 0, 0, 0, 0, 0, 0, 0, 0, 0, 0, -18, -181, -1998
"c:\titan-automation\QuoteVaultPro\client\src\pages\invoices.tsx", "TypeScript JSX", 0, -207, 0, 0, 0, 0, 0, 0, 0, 0, 0, 0, 0, 0, 0, -4, -17, -228
"c:\titan-automation\QuoteVaultPro\client\src\pages\job-detail.tsx", "TypeScript JSX", 0, -254, 0, 0, 0, 0, 0, 0, 0, 0, 0, 0, 0, 0, 0, -15, -20, -289
"c:\titan-automation\QuoteVaultPro\client\src\pages\landing.tsx", "TypeScript JSX", 0, -80, 0, 0, 0, 0, 0, 0, 0, 0, 0, 0, 0, 0, 0, 0, -7, -87
"c:\titan-automation\QuoteVaultPro\client\src\pages\login.tsx", "TypeScript JSX", 0, -141, 0, 0, 0, 0, 0, 0, 0, 0, 0, 0, 0, 0, 0, -5, -16, -162
"c:\titan-automation\QuoteVaultPro\client\src\pages\material-detail.tsx", "TypeScript JSX", 0, -128, 0, 0, 0, 0, 0, 0, 0, 0, 0, 0, 0, 0, 0, -3, -7, -138
"c:\titan-automation\QuoteVaultPro\client\src\pages\materials.tsx", "TypeScript JSX", 0, -243, 0, 0, 0, 0, 0, 0, 0, 0, 0, 0, 0, 0, 0, -3, -14, -260
"c:\titan-automation\QuoteVaultPro\client\src\pages\not-found.tsx", "TypeScript JSX", 0, -19, 0, 0, 0, 0, 0, 0, 0, 0, 0, 0, 0, 0, 0, 0, -3, -22
"c:\titan-automation\QuoteVaultPro\client\src\pages\order-detail.tsx", "TypeScript JSX", 0, -2705, 0, 0, 0, 0, 0, 0, 0, 0, 0, 0, 0, 0, 0, -87, -213, -3005
"c:\titan-automation\QuoteVaultPro\client\src\pages\order-new.tsx", "TypeScript JSX", 0, -4, 0, 0, 0, 0, 0, 0, 0, 0, 0, 0, 0, 0, 0, -6, -2, -12
"c:\titan-automation\QuoteVaultPro\client\src\pages\orders.tsx", "TypeScript JSX", 0, -1008, 0, 0, 0, 0, 0, 0, 0, 0, 0, 0, 0, 0, 0, -41, -103, -1152
"c:\titan-automation\QuoteVaultPro\client\src\pages\portal\my-orders.tsx", "TypeScript JSX", 0, -109, 0, 0, 0, 0, 0, 0, 0, 0, 0, 0, 0, 0, 0, 0, -8, -117
"c:\titan-automation\QuoteVaultPro\client\src\pages\portal\my-quotes.tsx", "TypeScript JSX", 0, -107, 0, 0, 0, 0, 0, 0, 0, 0, 0, 0, 0, 0, 0, 0, -8, -115
"c:\titan-automation\QuoteVaultPro\client\src\pages\portal\quote-checkout.tsx", "TypeScript JSX", 0, -259, 0, 0, 0, 0, 0, 0, 0, 0, 0, 0, 0, 0, 0, -7, -30, -296
"c:\titan-automation\QuoteVaultPro\client\src\pages\prepress.tsx", "TypeScript JSX", 0, -495, 0, 0, 0, 0, 0, 0, 0, 0, 0, 0, 0, 0, 0, -20, -37, -552
"c:\titan-automation\QuoteVaultPro\client\src\pages\product-builder-v2.tsx", "TypeScript JSX", 0, -19, 0, 0, 0, 0, 0, 0, 0, 0, 0, 0, 0, 0, 0, -8, -5, -32
"c:\titan-automation\QuoteVaultPro\client\src\pages\production-job-detail.tsx", "TypeScript JSX", 0, -682, 0, 0, 0, 0, 0, 0, 0, 0, 0, 0, 0, 0, 0, -32, -61, -775
"c:\titan-automation\QuoteVaultPro\client\src\pages\production.tsx", "TypeScript JSX", 0, -190, 0, 0, 0, 0, 0, 0, 0, 0, 0, 0, 0, 0, 0, -15, -23, -228
"c:\titan-automation\QuoteVaultPro\client\src\pages\products.tsx", "TypeScript JSX", 0, -2773, 0, 0, 0, 0, 0, 0, 0, 0, 0, 0, 0, 0, 0, -79, -115, -2967
"c:\titan-automation\QuoteVaultPro\client\src\pages\purchase-order-detail.tsx", "TypeScript JSX", 0, -83, 0, 0, 0, 0, 0, 0, 0, 0, 0, 0, 0, 0, 0, 0, -8, -91
"c:\titan-automation\QuoteVaultPro\client\src\pages\purchase-orders.tsx", "TypeScript JSX", 0, -156, 0, 0, 0, 0, 0, 0, 0, 0, 0, 0, 0, 0, 0, 0, -9, -165
"c:\titan-automation\QuoteVaultPro\client\src\pages\quote-detail.tsx", "TypeScript JSX", 0, -485, 0, 0, 0, 0, 0, 0, 0, 0, 0, 0, 0, 0, 0, -9, -24, -518
"c:\titan-automation\QuoteVaultPro\client\src\pages\quote-editor-old.tsx", "TypeScript JSX", 0, -1794, 0, 0, 0, 0, 0, 0, 0, 0, 0, 0, 0, 0, 0, -101, -133, -2028
"c:\titan-automation\QuoteVaultPro\client\src\pages\quote-editor.tsx", "TypeScript JSX", 0, -31, 0, 0, 0, 0, 0, 0, 0, 0, 0, 0, 0, 0, 0, -9, -10, -50
"c:\titan-automation\QuoteVaultPro\client\src\pages\reset-password.tsx", "TypeScript JSX", 0, -220, 0, 0, 0, 0, 0, 0, 0, 0, 0, 0, 0, 0, 0, 0, -21, -241
"c:\titan-automation\QuoteVaultPro\client\src\pages\set-password.tsx", "TypeScript JSX", 0, -173, 0, 0, 0, 0, 0, 0, 0, 0, 0, 0, 0, 0, 0, -4, -17, -194
"c:\titan-automation\QuoteVaultPro\client\src\pages\settings\SettingsLayout.tsx", "TypeScript JSX", 0, -788, 0, 0, 0, 0, 0, 0, 0, 0, 0, 0, 0, 0, 0, -8, -64, -860
"c:\titan-automation\QuoteVaultPro\client\src\pages\settings\email.tsx", "TypeScript JSX", 0, -367, 0, 0, 0, 0, 0, 0, 0, 0, 0, 0, 0, 0, 0, -15, -28, -410
"c:\titan-automation\QuoteVaultPro\client\src\pages\settings\integrations.tsx", "TypeScript JSX", 0, -929, 0, 0, 0, 0, 0, 0, 0, 0, 0, 0, 0, 0, 0, -18, -65, -1012
"c:\titan-automation\QuoteVaultPro\client\src\pages\settings\pricing-formulas.tsx", "TypeScript JSX", 0, -745, 0, 0, 0, 0, 0, 0, 0, 0, 0, 0, 0, 0, 0, -19, -44, -808
"c:\titan-automation\QuoteVaultPro\client\src\pages\settings\product-types.tsx", "TypeScript JSX", 0, -213, 0, 0, 0, 0, 0, 0, 0, 0, 0, 0, 0, 0, 0, -4, -17, -234
"c:\titan-automation\QuoteVaultPro\client\src\pages\settings\users.tsx", "TypeScript JSX", 0, -308, 0, 0, 0, 0, 0, 0, 0, 0, 0, 0, 0, 0, 0, -4, -20, -332
"c:\titan-automation\QuoteVaultPro\client\src\pages\user-management.tsx", "TypeScript JSX", 0, -420, 0, 0, 0, 0, 0, 0, 0, 0, 0, 0, 0, 0, 0, -1, -21, -442
"c:\titan-automation\QuoteVaultPro\client\src\pages\vendor-detail.tsx", "TypeScript JSX", 0, -76, 0, 0, 0, 0, 0, 0, 0, 0, 0, 0, 0, 0, 0, 0, -7, -83
"c:\titan-automation\QuoteVaultPro\client\src\pages\vendors.tsx", "TypeScript JSX", 0, -118, 0, 0, 0, 0, 0, 0, 0, 0, 0, 0, 0, 0, 0, 0, -8, -126
"c:\titan-automation\QuoteVaultPro\components.json", "JSON", 0, 0, -20, 0, 0, 0, 0, 0, 0, 0, 0, 0, 0, 0, 0, 0, 0, -20
"c:\titan-automation\QuoteVaultPro\debug-artwork-urls.ts", "TypeScript", -30, 0, 0, 0, 0, 0, 0, 0, 0, 0, 0, 0, 0, 0, 0, -4, -7, -41
"c:\titan-automation\QuoteVaultPro\debug-jobs.ts", "TypeScript", -25, 0, 0, 0, 0, 0, 0, 0, 0, 0, 0, 0, 0, 0, 0, 0, -8, -33
"c:\titan-automation\QuoteVaultPro\debug-orders.ts", "TypeScript", -13, 0, 0, 0, 0, 0, 0, 0, 0, 0, 0, 0, 0, 0, 0, 0, -6, -19
"c:\titan-automation\QuoteVaultPro\debug-output.json", "JSON", 0, 0, 0, 0, 0, 0, 0, 0, 0, 0, 0, 0, 0, 0, 0, 0, -1, -1
"c:\titan-automation\QuoteVaultPro\design_guidelines.md", "Markdown", 0, 0, 0, 0, 0, 0, -108, 0, 0, 0, 0, 0, 0, 0, 0, 0, -23, -131
"c:\titan-automation\QuoteVaultPro\dev-canonicalize-thumb-keys.ts", "TypeScript", -263, 0, 0, 0, 0, 0, 0, 0, 0, 0, 0, 0, 0, 0, 0, -37, -45, -345
"c:\titan-automation\QuoteVaultPro\docs\ARCHITECTURE.md", "Markdown", 0, 0, 0, 0, 0, 0, -218, 0, 0, 0, 0, 0, 0, 0, 0, 0, -105, -323
"c:\titan-automation\QuoteVaultPro\docs\CONTACTS_LIST_ENHANCEMENTS.md", "Markdown", 0, 0, 0, 0, 0, 0, -302, 0, 0, 0, 0, 0, 0, 0, 0, 0, -74, -376
"c:\titan-automation\QuoteVaultPro\docs\CUSTOMER_PORTAL_IMPLEMENTATION.md", "Markdown", 0, 0, 0, 0, 0, 0, -285, 0, 0, 0, 0, 0, 0, 0, 0, 0, -59, -344
"c:\titan-automation\QuoteVaultPro\docs\CUSTOMER_PORTAL_TESTING.md", "Markdown", 0, 0, 0, 0, 0, 0, -241, 0, 0, 0, 0, 0, 0, 0, 0, 0, -64, -305
"c:\titan-automation\QuoteVaultPro\docs\DEVELOPMENT_FLOW.md", "Markdown", 0, 0, 0, 0, 0, 0, -119, 0, 0, 0, 0, 0, 0, 0, 0, 0, -58, -177
"c:\titan-automation\QuoteVaultPro\docs\GIT_WORKFLOW.md", "Markdown", 0, 0, 0, 0, 0, 0, -339, 0, 0, 0, 0, 0, 0, 0, 0, 0, -140, -479
"c:\titan-automation\QuoteVaultPro\docs\MODULE_DEPENDENCIES.md", "Markdown", 0, 0, 0, 0, 0, 0, -57, 0, 0, 0, 0, 0, 0, 0, 0, 0, -19, -76
"c:\titan-automation\QuoteVaultPro\docs\Modules\CUSTOMER_MODULE_UI_REBUILD.md", "Markdown", 0, 0, 0, 0, 0, 0, -297, 0, 0, 0, 0, 0, 0, 0, 0, 0, -60, -357
"c:\titan-automation\QuoteVaultPro\docs\Modules\FEATURE_STATUS.md", "Markdown", 0, 0, 0, 0, 0, 0, -272, 0, 0, 0, 0, 0, 0, 0, 0, 0, -95, -367
"c:\titan-automation\QuoteVaultPro\docs\Modules\MODULE_COMPLETION_ARTWORK_FILE_HANDLING.md", "Markdown", 0, 0, 0, 0, 0, 0, -397, 0, 0, 0, 0, 0, 0, 0, 0, 0, -52, -449
"c:\titan-automation\QuoteVaultPro\docs\Modules\MODULE_COMPLETION_CRM_CUSTOMERS.md", "Markdown", 0, 0, 0, 0, 0, 0, -94, 0, 0, 0, 0, 0, 0, 0, 0, 0, -13, -107
"c:\titan-automation\QuoteVaultPro\docs\Modules\MODULE_COMPLETION_CUSTOMER_PORTAL.md", "Markdown", 0, 0, 0, 0, 0, 0, -74, 0, 0, 0, 0, 0, 0, 0, 0, 0, -12, -86
"c:\titan-automation\QuoteVaultPro\docs\Modules\MODULE_COMPLETION_FULFILLMENT_SHIPPING.md", "Markdown", 0, 0, 0, 0, 0, 0, -69, 0, 0, 0, 0, 0, 0, 0, 0, 0, -13, -82
"c:\titan-automation\QuoteVaultPro\docs\Modules\MODULE_COMPLETION_INVENTORY_MANAGEMENT.md", "Markdown", 0, 0, 0, 0, 0, 0, -81, 0, 0, 0, 0, 0, 0, 0, 0, 0, -13, -94
"c:\titan-automation\QuoteVaultPro\docs\Modules\MODULE_COMPLETION_INVOICING_PAYMENTS.md", "Markdown", 0, 0, 0, 0, 0, 0, -82, 0, 0, 0, 0, 0, 0, 0, 0, 0, -13, -95
"c:\titan-automation\QuoteVaultPro\docs\Modules\MODULE_COMPLETION_JOBS_PRODUCTION.md", "Markdown", 0, 0, 0, 0, 0, 0, -93, 0, 0, 0, 0, 0, 0, 0, 0, 0, -13, -106
"c:\titan-automation\QuoteVaultPro\docs\Modules\MODULE_COMPLETION_MULTI_TENANT_ARCHITECTURE.md", "Markdown", 0, 0, 0, 0, 0, 0, -760, 0, 0, 0, 0, 0, 0, 0, 0, 0, -204, -964
"c:\titan-automation\QuoteVaultPro\docs\Modules\MODULE_COMPLETION_PRICING_FORMULA_ENGINE.md", "Markdown", 0, 0, 0, 0, 0, 0, -485, 0, 0, 0, 0, 0, 0, 0, 0, 0, -88, -573
"c:\titan-automation\QuoteVaultPro\docs\Modules\MODULE_COMPLETION_PRODUCT_CATALOG_OPTIONS.md", "Markdown", 0, 0, 0, 0, 0, 0, -620, 0, 0, 0, 0, 0, 0, 0, 0, 0, -102, -722
"c:\titan-automation\QuoteVaultPro\docs\Modules\MODULE_COMPLETION_QUICKBOOKS_INTEGRATION.md", "Markdown", 0, 0, 0, 0, 0, 0, -348, 0, 0, 0, 0, 0, 0, 0, 0, 0, -38, -386
"c:\titan-automation\QuoteVaultPro\docs\Modules\MODULE_COMPLETION_QUOTES_ORDERS.md", "Markdown", 0, 0, 0, 0, 0, 0, -75, 0, 0, 0, 0, 0, 0, 0, 0, 0, -13, -88
"c:\titan-automation\QuoteVaultPro\docs\Modules\MODULE_COMPLETION_VENDORS_PURCHASE_ORDERS.md", "Markdown", 0, 0, 0, 0, 0, 0, -108, 0, 0, 0, 0, 0, 0, 0, 0, 0, -13, -121
"c:\titan-automation\QuoteVaultPro\docs\ORDER_STATE_ARCHITECTURE.ts", "TypeScript", -33, 0, 0, 0, 0, 0, 0, 0, 0, 0, 0, 0, 0, 0, 0, -275, -27, -335
"c:\titan-automation\QuoteVaultPro\docs\ORDER_TRANSITION_CONFIG.md", "Markdown", 0, 0, 0, 0, 0, 0, -174, 0, 0, 0, 0, 0, 0, 0, 0, 0, -53, -227
"c:\titan-automation\QuoteVaultPro\docs\PBV2_OVERRIDE_WORKFLOW.md", "Markdown", 0, 0, 0, 0, 0, 0, -25, 0, 0, 0, 0, 0, 0, 0, 0, 0, -15, -40
"c:\titan-automation\QuoteVaultPro\docs\PREPRESS_SERVICE.md", "Markdown", 0, 0, 0, 0, 0, 0, -290, 0, 0, 0, 0, 0, 0, 0, 0, 0, -83, -373
"c:\titan-automation\QuoteVaultPro\docs\PREPRESS_TOOLCHAIN.md", "Markdown", 0, 0, 0, 0, 0, 0, -217, 0, 0, 0, 0, 0, 0, 0, 0, 0, -91, -308
"c:\titan-automation\QuoteVaultPro\docs\PRODUCTION_UPDATES.md", "Markdown", 0, 0, 0, 0, 0, 0, -145, 0, 0, 0, 0, 0, 0, 0, 0, 0, -19, -164
"c:\titan-automation\QuoteVaultPro\docs\PRODUCT_OPTIONS_IMPLEMENTATION.md", "Markdown", 0, 0, 0, 0, 0, 0, -498, 0, 0, 0, 0, 0, 0, 0, 0, 0, -75, -573
"c:\titan-automation\QuoteVaultPro\docs\PROMPTS_KERNEL_STYLE.md", "Markdown", 0, 0, 0, 0, 0, 0, -122, 0, 0, 0, 0, 0, 0, 0, 0, 0, -47, -169
"c:\titan-automation\QuoteVaultPro\docs\QUOTE_APPROVAL_ENFORCEMENT_TESTING.md", "Markdown", 0, 0, 0, 0, 0, 0, -144, 0, 0, 0, 0, 0, 0, 0, 0, 0, -23, -167
"c:\titan-automation\QuoteVaultPro\docs\QUOTE_ORDER_SNAPSHOTS_PHASE1.md", "Markdown", 0, 0, 0, 0, 0, 0, -233, 0, 0, 0, 0, 0, 0, 0, 0, 0, -45, -278
"c:\titan-automation\QuoteVaultPro\docs\QUOTE_ORDER_SNAPSHOTS_PHASE2_COMPLETE.md", "Markdown", 0, 0, 0, 0, 0, 0, -289, 0, 0, 0, 0, 0, 0, 0, 0, 0, -92, -381
"c:\titan-automation\QuoteVaultPro\docs\QUOTE_SYSTEM_IMPLEMENTATION.md", "Markdown", 0, 0, 0, 0, 0, 0, -267, 0, 0, 0, 0, 0, 0, 0, 0, 0, -60, -327
"c:\titan-automation\QuoteVaultPro\docs\QUOTE_WORKFLOW_PHASE1_IMPLEMENTATION.md", "Markdown", 0, 0, 0, 0, 0, 0, -319, 0, 0, 0, 0, 0, 0, 0, 0, 0, -95, -414
"c:\titan-automation\QuoteVaultPro\docs\README.md", "Markdown", 0, 0, 0, 0, 0, 0, -94, 0, 0, 0, 0, 0, 0, 0, 0, 0, -35, -129
"c:\titan-automation\QuoteVaultPro\docs\TODO_ISSUES.md", "Markdown", 0, 0, 0, 0, 0, 0, -16, 0, 0, 0, 0, 0, 0, 0, 0, 0, -5, -21
"c:\titan-automation\QuoteVaultPro\docs\USER_CUSTOMER_LINKAGE_FIX.md", "Markdown", 0, 0, 0, 0, 0, 0, -138, 0, 0, 0, 0, 0, 0, 0, 0, 0, -40, -178
"c:\titan-automation\QuoteVaultPro\docs\VOLUME_PRICING.md", "Markdown", 0, 0, 0, 0, 0, 0, -80, 0, 0, 0, 0, 0, 0, 0, 0, 0, -26, -106
"c:\titan-automation\QuoteVaultPro\docs\attachments-and-thumbnails.md", "Markdown", 0, 0, 0, 0, 0, 0, -449, 0, 0, 0, 0, 0, 0, 0, 0, 0, -131, -580
"c:\titan-automation\QuoteVaultPro\docs\db-reset.md", "Markdown", 0, 0, 0, 0, 0, 0, -77, 0, 0, 0, 0, 0, 0, 0, 0, 0, -21, -98
"c:\titan-automation\QuoteVaultPro\drizzle.config.ts", "TypeScript", -17, 0, 0, 0, 0, 0, 0, 0, 0, 0, 0, 0, 0, 0, 0, 0, -3, -20
"c:\titan-automation\QuoteVaultPro\fix-object-keys-org-prefix.ts", "TypeScript", -155, 0, 0, 0, 0, 0, 0, 0, 0, 0, 0, 0, 0, 0, 0, -17, -32, -204
"c:\titan-automation\QuoteVaultPro\fix-user-role.ts", "TypeScript", -49, 0, 0, 0, 0, 0, 0, 0, 0, 0, 0, 0, 0, 0, 0, -2, -12, -63
"c:\titan-automation\QuoteVaultPro\jest.config.js", "JavaScript", 0, 0, 0, 0, 0, 0, 0, -31, 0, 0, 0, 0, 0, 0, 0, -1, -1, -33
"c:\titan-automation\QuoteVaultPro\migrate-product-types.ts", "TypeScript", -23, 0, 0, 0, 0, 0, 0, 0, 0, 0, 0, 0, 0, 0, 0, -1, -6, -30
"c:\titan-automation\QuoteVaultPro\migrations__legacy_ignored\0000_cool_taskmaster.sql", "MS SQL", 0, 0, 0, 0, 0, 0, 0, 0, 0, 0, 0, 0, 0, -150, 0, -11, 0, -161
"c:\titan-automation\QuoteVaultPro\migrations__legacy_ignored\0001_clever_human_torch.sql", "MS SQL", 0, 0, 0, 0, 0, 0, 0, 0, 0, 0, 0, 0, 0, -1, 0, 0, 0, -1
"c:\titan-automation\QuoteVaultPro\migrations__legacy_ignored\0002_luxuriant_veda.sql", "MS SQL", 0, 0, 0, 0, 0, 0, 0, 0, 0, 0, 0, 0, 0, -1, 0, 0, 0, -1
"c:\titan-automation\QuoteVaultPro\migrations__legacy_ignored\0003_add_nesting_calculator.sql", "MS SQL", 0, 0, 0, 0, 0, 0, 0, 0, 0, 0, 0, 0, 0, -5, 0, -1, -2, -8
"c:\titan-automation\QuoteVaultPro\migrations__legacy_ignored\0004_make_pricing_formula_optional.sql", "MS SQL", 0, 0, 0, 0, 0, 0, 0, 0, 0, 0, 0, 0, 0, -2, 0, -1, -2, -5
"c:\titan-automation\QuoteVaultPro\migrations__legacy_ignored\0004b_crm_orders_foundation.sql", "MS SQL", 0, 0, 0, 0, 0, 0, 0, 0, 0, 0, 0, 0, 0, -379, 0, -70, -48, -497
"c:\titan-automation\QuoteVaultPro\migrations__legacy_ignored\0005_production_workflow.sql", "MS SQL", 0, 0, 0, 0, 0, 0, 0, 0, 0, 0, 0, 0, 0, -70, 0, -6, -10, -86
"c:\titan-automation\QuoteVaultPro\migrations__legacy_ignored\0006_invoicing.sql", "MS SQL", 0, 0, 0, 0, 0, 0, 0, 0, 0, 0, 0, 0, 0, -76, 0, -5, -5, -86
"c:\titan-automation\QuoteVaultPro\migrations__legacy_ignored\0007_shipping_fulfillment.sql", "MS SQL", 0, 0, 0, 0, 0, 0, 0, 0, 0, 0, 0, 0, 0, -41, 0, -4, -5, -50
"c:\titan-automation\QuoteVaultPro\migrations__legacy_ignored\0008_inventory_management.sql", "MS SQL", 0, 0, 0, 0, 0, 0, 0, 0, 0, 0, 0, 0, 0, -75, 0, -10, -11, -96
"c:\titan-automation\QuoteVaultPro\migrations__legacy_ignored\0009_vendors_purchase_orders.sql", "MS SQL", 0, 0, 0, 0, 0, 0, 0, 0, 0, 0, 0, 0, 0, -69, 0, -7, -6, -82
"c:\titan-automation\QuoteVaultPro\migrations__legacy_ignored\0011_artwork_file_handling.sql", "MS SQL", 0, 0, 0, 0, 0, 0, 0, 0, 0, 0, 0, 0, 0, -47, 0, -16, -13, -76
"c:\titan-automation\QuoteVaultPro\migrations__legacy_ignored\0020_multi_tenant_organizations.sql", "MS SQL", 0, 0, 0, 0, 0, 0, 0, 0, 0, 0, 0, 0, 0, -72, 0, -24, -15, -111
"c:\titan-automation\QuoteVaultPro\migrations__legacy_ignored\0021_add_organization_id_to_tables.sql", "MS SQL", 0, 0, 0, 0, 0, 0, 0, 0, 0, 0, 0, 0, 0, -291, 0, -70, -73, -434
"c:\titan-automation\QuoteVaultPro\migrations__legacy_ignored\0022_structured_addresses.sql", "MS SQL", 0, 0, 0, 0, 0, 0, 0, 0, 0, 0, 0, 0, 0, -60, 0, -10, -20, -90
"c:\titan-automation\QuoteVaultPro\migrations__legacy_ignored\0023_add_product_pricing_fields.sql", "MS SQL", 0, 0, 0, 0, 0, 0, 0, 0, 0, 0, 0, 0, 0, -50, 0, -10, -8, -68
"c:\titan-automation\QuoteVaultPro\migrations__legacy_ignored\0024_add_pricing_profile_fields.sql", "MS SQL", 0, 0, 0, 0, 0, 0, 0, 0, 0, 0, 0, 0, 0, -34, 0, -10, -7, -51
"c:\titan-automation\QuoteVaultPro\migrations__legacy_ignored\0024_material_usages_tracking.sql", "MS SQL", 0, 0, 0, 0, 0, 0, 0, 0, 0, 0, 0, 0, 0, -12, 0, -7, -7, -26
"c:\titan-automation\QuoteVaultPro\migrations__legacy_ignored\0025_pricing_formulas.sql", "MS SQL", 0, 0, 0, 0, 0, 0, 0, 0, 0, 0, 0, 0, 0, -27, 0, -10, -12, -49
"c:\titan-automation\QuoteVaultPro\migrations__legacy_ignored\0026_materials_thickness_unit.sql", "MS SQL", 0, 0, 0, 0, 0, 0, 0, 0, 0, 0, 0, 0, 0, -7, 0, -4, -3, -14
"c:\titan-automation\QuoteVaultPro\migrations__legacy_ignored\0027_wholesale_retail_pricing.sql", "MS SQL", 0, 0, 0, 0, 0, 0, 0, 0, 0, 0, 0, 0, 0, -80, 0, -27, -19, -126
"c:\titan-automation\QuoteVaultPro\migrations__legacy_ignored\0028_customer_pricing_modifiers.sql", "MS SQL", 0, 0, 0, 0, 0, 0, 0, 0, 0, 0, 0, 0, 0, -74, 0, -25, -18, -117
"c:\titan-automation\QuoteVaultPro\migrations__legacy_ignored\0029_tax_system.sql", "MS SQL", 0, 0, 0, 0, 0, 0, 0, 0, 0, 0, 0, 0, 0, -211, 0, -48, -37, -296
"c:\titan-automation\QuoteVaultPro\migrations__legacy_ignored\0030_saas_tax_zones.sql", "MS SQL", 0, 0, 0, 0, 0, 0, 0, 0, 0, 0, 0, 0, 0, -74, 0, -8, -12, -94
"c:\titan-automation\QuoteVaultPro\migrations__legacy_ignored\0031_roll_width_tracking.sql", "MS SQL", 0, 0, 0, 0, 0, 0, 0, 0, 0, 0, 0, 0, 0, -21, 0, -7, -5, -33
"c:\titan-automation\QuoteVaultPro\migrations__legacy_ignored\0032_quote_attachments.sql", "MS SQL", 0, 0, 0, 0, 0, 0, 0, 0, 0, 0, 0, 0, 0, -15, 0, -2, -2, -19
"c:\titan-automation\QuoteVaultPro\migrations__legacy_ignored\0033_add_quotes_status_column.sql", "MS SQL", 0, 0, 0, 0, 0, 0, 0, 0, 0, 0, 0, 0, 0, -8, 0, -5, -5, -18
"c:\titan-automation\QuoteVaultPro\migrations__legacy_ignored\0034_add_attachment_thumbnail_scaffolding.sql", "MS SQL", 0, 0, 0, 0, 0, 0, 0, 0, 0, 0, 0, 0, 0, -15, 0, -6, -6, -27
"c:\titan-automation\QuoteVaultPro\migrations__legacy_ignored\0035_add_order_attachment_thumbnail_keys.sql", "MS SQL", 0, 0, 0, 0, 0, 0, 0, 0, 0, 0, 0, 0, 0, -5, 0, -5, -4, -14
"c:\titan-automation\QuoteVaultPro\migrations__legacy_ignored\0036_add_quote_attachments_page_count.sql", "MS SQL", 0, 0, 0, 0, 0, 0, 0, 0, 0, 0, 0, 0, 0, -3, 0, -4, -4, -11
"c:\titan-automation\QuoteVaultPro\migrations__legacy_ignored\0037_add_pdf_processing_status_fields.sql", "MS SQL", 0, 0, 0, 0, 0, 0, 0, 0, 0, 0, 0, 0, 0, -13, 0, -10, -6, -29
"c:\titan-automation\QuoteVaultPro\migrations__legacy_ignored\0038_add_quote_attachments_pdf_derived_fields.sql", "MS SQL", 0, 0, 0, 0, 0, 0, 0, 0, 0, 0, 0, 0, 0, -13, 0, -7, -6, -26
"c:\titan-automation\QuoteVaultPro\migrations__legacy_ignored\meta\_journal.json", "JSON", 0, 0, -111, 0, 0, 0, 0, 0, 0, 0, 0, 0, 0, 0, 0, 0, 0, -111
"c:\titan-automation\QuoteVaultPro\package-lock.json", "JSON", 0, 0, -18411, 0, 0, 0, 0, 0, 0, 0, 0, 0, 0, 0, 0, 0, -1, -18412
"c:\titan-automation\QuoteVaultPro\package.json", "JSON", 0, 0, -176, 0, 0, 0, 0, 0, 0, 0, 0, 0, 0, 0, 0, 0, -1, -177
"c:\titan-automation\QuoteVaultPro\postcss.config.js", "JavaScript", 0, 0, 0, 0, 0, 0, 0, -6, 0, 0, 0, 0, 0, 0, 0, -3, -1, -10
"c:\titan-automation\QuoteVaultPro\replit.md", "Markdown", 0, 0, 0, 0, 0, 0, -39, 0, 0, 0, 0, 0, 0, 0, 0, 0, -22, -61
"c:\titan-automation\QuoteVaultPro\run-artwork-migration.cjs", "JavaScript", 0, 0, 0, 0, 0, 0, 0, -19, 0, 0, 0, 0, 0, 0, 0, -1, -5, -25
"c:\titan-automation\QuoteVaultPro\run-artwork-migration.js", "JavaScript", 0, 0, 0, 0, 0, 0, 0, -18, 0, 0, 0, 0, 0, 0, 0, -1, -5, -24
"c:\titan-automation\QuoteVaultPro\run-migration-0009.mjs", "JavaScript", 0, 0, 0, 0, 0, 0, 0, -35, 0, 0, 0, 0, 0, 0, 0, 0, -8, -43
"c:\titan-automation\QuoteVaultPro\run-migration.ts", "TypeScript", -25, 0, 0, 0, 0, 0, 0, 0, 0, 0, 0, 0, 0, 0, 0, -1, -6, -32
"c:\titan-automation\QuoteVaultPro\run-pricing-formulas-migration.ts", "TypeScript", -49, 0, 0, 0, 0, 0, 0, 0, 0, 0, 0, 0, 0, 0, 0, -3, -7, -59
"c:\titan-automation\QuoteVaultPro\run-roll-width-migration.ts", "TypeScript", -42, 0, 0, 0, 0, 0, 0, 0, 0, 0, 0, 0, 0, 0, 0, -2, -11, -55
"c:\titan-automation\QuoteVaultPro\scripts\db-migrate-verbose.ts", "TypeScript", -113, 0, 0, 0, 0, 0, 0, 0, 0, 0, 0, 0, 0, 0, 0, -3, -25, -141
"c:\titan-automation\QuoteVaultPro\scripts\db-status.ts", "TypeScript", -119, 0, 0, 0, 0, 0, 0, 0, 0, 0, 0, 0, 0, 0, 0, -4, -26, -149
"c:\titan-automation\QuoteVaultPro\scripts\db-verify-stripe.ts", "TypeScript", -109, 0, 0, 0, 0, 0, 0, 0, 0, 0, 0, 0, 0, 0, 0, -3, -20, -132
"c:\titan-automation\QuoteVaultPro\scripts\db\pbv2-schema-check.ts", "TypeScript", -164, 0, 0, 0, 0, 0, 0, 0, 0, 0, 0, 0, 0, 0, 0, 0, -26, -190
"c:\titan-automation\QuoteVaultPro\scripts\pbv2-http-smoke.ts", "TypeScript", -116, 0, 0, 0, 0, 0, 0, 0, 0, 0, 0, 0, 0, 0, 0, -6, -25, -147
"c:\titan-automation\QuoteVaultPro\scripts\pbv2-smoke.ts", "TypeScript", -133, 0, 0, 0, 0, 0, 0, 0, 0, 0, 0, 0, 0, 0, 0, -9, -25, -167
"c:\titan-automation\QuoteVaultPro\scripts\pdf-gen-local.ts", "TypeScript", -71, 0, 0, 0, 0, 0, 0, 0, 0, 0, 0, 0, 0, 0, 0, -3, -9, -83
"c:\titan-automation\QuoteVaultPro\scripts\pdf-smoke.ts", "TypeScript", -153, 0, 0, 0, 0, 0, 0, 0, 0, 0, 0, 0, 0, 0, 0, -6, -32, -191
"c:\titan-automation\QuoteVaultPro\scripts\prepress-smoke.ts", "TypeScript", -134, 0, 0, 0, 0, 0, 0, 0, 0, 0, 0, 0, 0, 0, 0, -15, -35, -184
"c:\titan-automation\QuoteVaultPro\scripts\prepress-worker.ts", "TypeScript", -3, 0, 0, 0, 0, 0, 0, 0, 0, 0, 0, 0, 0, 0, 0, -9, -4, -16
"c:\titan-automation\QuoteVaultPro\scripts\run_file_storage_migration.ps1", "PowerShell", 0, 0, 0, 0, 0, 0, 0, 0, 0, 0, 0, 0, -32, 0, 0, -7, -7, -46
"c:\titan-automation\QuoteVaultPro\scripts\sync-drizzle-journal.ts", "TypeScript", -137, 0, 0, 0, 0, 0, 0, 0, 0, 0, 0, 0, 0, 0, 0, -6, -30, -173
"c:\titan-automation\QuoteVaultPro\server.log", "Log", 0, 0, 0, 0, 0, 0, 0, 0, 0, -142, 0, 0, 0, 0, 0, 0, -5, -147
"c:\titan-automation\QuoteVaultPro\server\NestingCalculator.js", "JavaScript", 0, 0, 0, 0, 0, 0, 0, -410, 0, 0, 0, 0, 0, 0, 0, -68, -90, -568
"c:\titan-automation\QuoteVaultPro\server\PricingPipeline.js", "JavaScript", 0, 0, 0, 0, 0, 0, 0, -160, 0, 0, 0, 0, 0, 0, 0, -4, -22, -186
"c:\titan-automation\QuoteVaultPro\server\db.ts", "TypeScript", -101, 0, 0, 0, 0, 0, 0, 0, 0, 0, 0, 0, 0, 0, 0, -21, -21, -143
"c:\titan-automation\QuoteVaultPro\server\db\migrations\0000_baseline.sql", "MS SQL", 0, 0, 0, 0, 0, 0, 0, 0, 0, 0, 0, 0, 0, 0, 0, -14, -1, -15
"c:\titan-automation\QuoteVaultPro\server\db\migrations\0001_add_quote_attachment_pages.sql", "MS SQL", 0, 0, 0, 0, 0, 0, 0, 0, 0, 0, 0, 0, 0, -27, 0, 0, -4, -31
"c:\titan-automation\QuoteVaultPro\server\db\migrations\0002_import_jobs_and_customer_qb_overrides.sql", "MS SQL", 0, 0, 0, 0, 0, 0, 0, 0, 0, 0, 0, 0, 0, -51, 0, -6, -10, -67
"c:\titan-automation\QuoteVaultPro\server\db\migrations\0003_fix_missing_customer_qb_field_overrides.sql", "MS SQL", 0, 0, 0, 0, 0, 0, 0, 0, 0, 0, 0, 0, 0, -38, 0, -2, 0, -40
"c:\titan-automation\QuoteVaultPro\server\db\migrations\0004_add_pending_approval_to_quote_status.sql", "MS SQL", 0, 0, 0, 0, 0, 0, 0, 0, 0, 0, 0, 0, 0, -11, 0, -5, -2, -18
"c:\titan-automation\QuoteVaultPro\server\db\migrations\0009_quote_list_notes_and_settings.sql", "MS SQL", 0, 0, 0, 0, 0, 0, 0, 0, 0, 0, 0, 0, 0, -24, 0, -5, -6, -35
"c:\titan-automation\QuoteVaultPro\server\db\migrations\0010_add_order_list_notes.sql", "MS SQL", 0, 0, 0, 0, 0, 0, 0, 0, 0, 0, 0, 0, 0, -14, 0, -3, -4, -21
"c:\titan-automation\QuoteVaultPro\server\db\migrations\0011_add_order_attachments_thumbnail_columns.sql", "MS SQL", 0, 0, 0, 0, 0, 0, 0, 0, 0, 0, 0, 0, 0, -57, 0, -6, -8, -71
"c:\titan-automation\QuoteVaultPro\server\db\migrations\0012_add_order_state_timestamps.sql", "MS SQL", 0, 0, 0, 0, 0, 0, 0, 0, 0, 0, 0, 0, 0, -8, 0, -5, -3, -16
"c:\titan-automation\QuoteVaultPro\server\db\migrations\0012_order_state_architecture.sql", "MS SQL", 0, 0, 0, 0, 0, 0, 0, 0, 0, 0, 0, 0, 0, -80, 0, -13, -14, -107
"c:\titan-automation\QuoteVaultPro\server\db\migrations\0013_asset_pipeline.sql", "MS SQL", 0, 0, 0, 0, 0, 0, 0, 0, 0, 0, 0, 0, 0, -91, 0, -16, -16, -123
"c:\titan-automation\QuoteVaultPro\server\db\migrations\0014_standardize_organization_id.sql", "MS SQL", 0, 0, 0, 0, 0, 0, 0, 0, 0, 0, 0, 0, 0, -64, 0, -61, -28, -153
"c:\titan-automation\QuoteVaultPro\server\db\migrations\0015_tenant_hardening.sql", "MS SQL", 0, 0, 0, 0, 0, 0, 0, 0, 0, 0, 0, 0, 0, -42, 0, -27, -22, -91
"c:\titan-automation\QuoteVaultPro\server\db\migrations\0016_add_quote_shipping_cents.sql", "MS SQL", 0, 0, 0, 0, 0, 0, 0, 0, 0, 0, 0, 0, 0, -14, 0, -3, -2, -19
"c:\titan-automation\QuoteVaultPro\server\db\migrations\0017_add_order_shipping_cents.sql", "MS SQL", 0, 0, 0, 0, 0, 0, 0, 0, 0, 0, 0, 0, 0, -14, 0, -2, -2, -18
"c:\titan-automation\QuoteVaultPro\server\db\migrations\0018_mvp_invoicing_billing_ready.sql", "MS SQL", 0, 0, 0, 0, 0, 0, 0, 0, 0, 0, 0, 0, 0, -50, 0, -7, -13, -70
"c:\titan-automation\QuoteVaultPro\server\db\migrations\0019_invoice_versioning.sql", "MS SQL", 0, 0, 0, 0, 0, 0, 0, 0, 0, 0, 0, 0, 0, -10, 0, -2, -6, -18
"c:\titan-automation\QuoteVaultPro\server\db\migrations\0020_add_product_artwork_policy.sql", "MS SQL", 0, 0, 0, 0, 0, 0, 0, 0, 0, 0, 0, 0, 0, -2, 0, -2, -2, -6
"c:\titan-automation\QuoteVaultPro\server\db\migrations\0021_option_tree_v2.sql", "MS SQL", 0, 0, 0, 0, 0, 0, 0, 0, 0, 0, 0, 0, 0, -8, 0, -5, -5, -18
"c:\titan-automation\QuoteVaultPro\server\db\migrations\0022_pbv2_tree_versions.sql", "MS SQL", 0, 0, 0, 0, 0, 0, 0, 0, 0, 0, 0, 0, 0, -35, 0, -6, -11, -52
"c:\titan-automation\QuoteVaultPro\server\db\migrations\0023_add_order_line_item_pbv2_snapshot.sql", "MS SQL", 0, 0, 0, 0, 0, 0, 0, 0, 0, 0, 0, 0, 0, -6, 0, -1, -4, -11
"c:\titan-automation\QuoteVaultPro\server\db\migrations\0024_order_line_item_components.sql", "MS SQL", 0, 0, 0, 0, 0, 0, 0, 0, 0, 0, 0, 0, 0, -35, 0, -2, -15, -52
"c:\titan-automation\QuoteVaultPro\server\db\migrations\0025_inventory_reservations.sql", "MS SQL", 0, 0, 0, 0, 0, 0, 0, 0, 0, 0, 0, 0, 0, -23, 0, -1, -10, -34
"c:\titan-automation\QuoteVaultPro\server\db\migrations\0026_stripe_payments_v1.sql", "MS SQL", 0, 0, 0, 0, 0, 0, 0, 0, 0, 0, 0, 0, 0, -92, 0, -10, -13, -115
"c:\titan-automation\QuoteVaultPro\server\db\migrations\0027_stripe_connect_integration_connections.sql", "MS SQL", 0, 0, 0, 0, 0, 0, 0, 0, 0, 0, 0, 0, 0, -20, 0, -5, -5, -30
"c:\titan-automation\QuoteVaultPro\server\db\migrations\0028_production_mvp.sql", "MS SQL", 0, 0, 0, 0, 0, 0, 0, 0, 0, 0, 0, 0, 0, -42, 0, -5, -11, -58
"c:\titan-automation\QuoteVaultPro\server\db\migrations\0029_production_line_item_intake.sql", "MS SQL", 0, 0, 0, 0, 0, 0, 0, 0, 0, 0, 0, 0, 0, -25, 0, -10, -9, -44
"c:\titan-automation\QuoteVaultPro\server\db\migrations\0030_prepress_jobs.sql", "MS SQL", 0, 0, 0, 0, 0, 0, 0, 0, 0, 0, 0, 0, 0, -32, 0, -14, -12, -58
"c:\titan-automation\QuoteVaultPro\server\db\migrations\0031_prepress_findings_and_fixes.sql", "MS SQL", 0, 0, 0, 0, 0, 0, 0, 0, 0, 0, 0, 0, 0, -62, 0, -21, -20, -103
"c:\titan-automation\QuoteVaultPro\server\db\migrations\0032_user_invite_system.sql", "MS SQL", 0, 0, 0, 0, 0, 0, 0, 0, 0, 0, 0, 0, 0, -7, 0, -7, -4, -18
"c:\titan-automation\QuoteVaultPro\server\db\migrations\FUTURE_0009_quote_workflow_enum_enhancement.sql", "MS SQL", 0, 0, 0, 0, 0, 0, 0, 0, 0, 0, 0, 0, 0, -22, 0, -165, -13, -200
"c:\titan-automation\QuoteVaultPro\server\db\migrations\meta\_journal.json", "JSON", 0, 0, -174, 0, 0, 0, 0, 0, 0, 0, 0, 0, 0, 0, 0, 0, -1, -175
"c:\titan-automation\QuoteVaultPro\server\db\migrations_BACKUP\0000_baseline.sql", "MS SQL", 0, 0, 0, 0, 0, 0, 0, 0, 0, 0, 0, 0, 0, 0, 0, -14, -1, -15
"c:\titan-automation\QuoteVaultPro\server\db\migrations_BACKUP\0000_fix_missing_customer_qb_field_overrides.sql", "MS SQL", 0, 0, 0, 0, 0, 0, 0, 0, 0, 0, 0, 0, 0, -38, 0, -2, 0, -40
"c:\titan-automation\QuoteVaultPro\server\db\migrations_BACKUP\0001_add_quote_attachment_pages.sql", "MS SQL", 0, 0, 0, 0, 0, 0, 0, 0, 0, 0, 0, 0, 0, -27, 0, 0, -4, -31
"c:\titan-automation\QuoteVaultPro\server\db\migrations_BACKUP\0002_import_jobs_and_customer_qb_overrides.sql", "MS SQL", 0, 0, 0, 0, 0, 0, 0, 0, 0, 0, 0, 0, 0, -51, 0, -6, -10, -67
"c:\titan-automation\QuoteVaultPro\server\db\migrations_BACKUP\meta\_journal.json", "JSON", 0, 0, -13, 0, 0, 0, 0, 0, 0, 0, 0, 0, 0, 0, 0, 0, 0, -13
"c:\titan-automation\QuoteVaultPro\server\db\migrations__archive_2025_12_23\0005_add_nesting_pricing_fields.sql", "MS SQL", 0, 0, 0, 0, 0, 0, 0, 0, 0, 0, 0, 0, 0, -4, 0, -3, -4, -11
"c:\titan-automation\QuoteVaultPro\server\db\migrations__archive_2025_12_23\0005_customer_portal_mvp.sql", "MS SQL", 0, 0, 0, 0, 0, 0, 0, 0, 0, 0, 0, 0, 0, -44, 0, -2, -4, -50
"c:\titan-automation\QuoteVaultPro\server\db\migrations__archive_2025_12_23\0006_move_volume_pricing_to_variants.sql", "MS SQL", 0, 0, 0, 0, 0, 0, 0, 0, 0, 0, 0, 0, 0, -8, 0, -9, -6, -23
"c:\titan-automation\QuoteVaultPro\server\db\migrations__archive_2025_12_23\0007_add_audit_logs.sql", "MS SQL", 0, 0, 0, 0, 0, 0, 0, 0, 0, 0, 0, 0, 0, -47, 0, -4, -12, -63
"c:\titan-automation\QuoteVaultPro\server\db\migrations__archive_2025_12_23\0008_add_orders_tables.sql", "MS SQL", 0, 0, 0, 0, 0, 0, 0, 0, 0, 0, 0, 0, 0, -53, 0, -8, -6, -67
"c:\titan-automation\QuoteVaultPro\server\db\migrations__archive_2025_12_23\0009_add_customer_user_link.sql", "MS SQL", 0, 0, 0, 0, 0, 0, 0, 0, 0, 0, 0, 0, 0, -5, 0, -6, -5, -16
"c:\titan-automation\QuoteVaultPro\server\db\migrations__archive_2025_12_23\0009_add_selected_options_to_order_line_items.sql", "MS SQL", 0, 0, 0, 0, 0, 0, 0, 0, 0, 0, 0, 0, 0, -14, 0, -5, -4, -23
"c:\titan-automation\QuoteVaultPro\server\db\migrations__archive_2025_12_23\0009_file_storage_model.sql", "MS SQL", 0, 0, 0, 0, 0, 0, 0, 0, 0, 0, 0, 0, 0, -47, 0, -11, -10, -68
"c:\titan-automation\QuoteVaultPro\server\db\migrations__archive_2025_12_23\0010_add_temp_flags_to_quote_line_items.sql", "MS SQL", 0, 0, 0, 0, 0, 0, 0, 0, 0, 0, 0, 0, 0, -6, 0, -3, -4, -13
"c:\titan-automation\QuoteVaultPro\server\db\migrations__archive_2025_12_23\0010_production_workflow_mvp.sql", "MS SQL", 0, 0, 0, 0, 0, 0, 0, 0, 0, 0, 0, 0, 0, -67, 0, -14, -12, -93
"c:\titan-automation\QuoteVaultPro\server\db\migrations__archive_2025_12_23\0010_quickbooks_integration.sql", "MS SQL", 0, 0, 0, 0, 0, 0, 0, 0, 0, 0, 0, 0, 0, -63, 0, -9, -15, -87
"c:\titan-automation\QuoteVaultPro\server\db\migrations__archive_2025_12_23\0011_ensure_jobs_order_id.sql", "MS SQL", 0, 0, 0, 0, 0, 0, 0, 0, 0, 0, 0, 0, 0, -23, 0, -3, -3, -29
"c:\titan-automation\QuoteVaultPro\server\db\migrations__archive_2025_12_23\0012_add_product_types.sql", "MS SQL", 0, 0, 0, 0, 0, 0, 0, 0, 0, 0, 0, 0, 0, -28, 0, -7, -6, -41
"c:\titan-automation\QuoteVaultPro\server\db\migrations__archive_2025_12_23\0013_add_roll_material_fields.sql", "MS SQL", 0, 0, 0, 0, 0, 0, 0, 0, 0, 0, 0, 0, 0, -14, 0, -9, -3, -26
"c:\titan-automation\QuoteVaultPro\server\db\migrations__archive_2025_12_23\0014_add_quote_order_snapshots.sql", "MS SQL", 0, 0, 0, 0, 0, 0, 0, 0, 0, 0, 0, 0, 0, -192, 0, -41, -72, -305
"c:\titan-automation\QuoteVaultPro\server\db\migrations__archive_2025_12_23\0015_add_label_to_quotes_orders.sql", "MS SQL", 0, 0, 0, 0, 0, 0, 0, 0, 0, 0, 0, 0, 0, -18, 0, -4, -3, -25
"c:\titan-automation\QuoteVaultPro\server\db\migrations__archive_2025_12_23\0016_add_po_number_to_orders.sql", "MS SQL", 0, 0, 0, 0, 0, 0, 0, 0, 0, 0, 0, 0, 0, -10, 0, -4, -3, -17
"c:\titan-automation\QuoteVaultPro\server\db\migrations__archive_2025_12_23\0017_add_quote_line_item_attachments.sql", "MS SQL", 0, 0, 0, 0, 0, 0, 0, 0, 0, 0, 0, 0, 0, -15, 0, -5, -4, -24
"c:\titan-automation\QuoteVaultPro\server\db\migrations__archive_2025_12_23\0018_add_quote_line_item_status.sql", "MS SQL", 0, 0, 0, 0, 0, 0, 0, 0, 0, 0, 0, 0, 0, -9, 0, -3, -5, -17
"c:\titan-automation\QuoteVaultPro\server\db\migrations__archive_2025_12_23\0019_add_quote_status.sql", "MS SQL", 0, 0, 0, 0, 0, 0, 0, 0, 0, 0, 0, 0, 0, -9, 0, -3, -5, -17
"c:\titan-automation\QuoteVaultPro\server\db\migrations__archive_2025_12_23\0020_add_async_artwork_processing.sql", "MS SQL", 0, 0, 0, 0, 0, 0, 0, 0, 0, 0, 0, 0, 0, -21, 0, -6, -6, -33
"c:\titan-automation\QuoteVaultPro\server\db\migrations__archive_2025_12_23\0021_add_price_override_fields.sql", "MS SQL", 0, 0, 0, 0, 0, 0, 0, 0, 0, 0, 0, 0, 0, -10, 0, -7, -6, -23
"c:\titan-automation\QuoteVaultPro\server\db\syncUsersToCustomers.ts", "TypeScript", -150, 0, 0, 0, 0, 0, 0, 0, 0, 0, 0, 0, 0, 0, 0, -25, -29, -204
"c:\titan-automation\QuoteVaultPro\server\emailService.ts", "TypeScript", -432, 0, 0, 0, 0, 0, 0, 0, 0, 0, 0, 0, 0, 0, 0, -48, -61, -541
"c:\titan-automation\QuoteVaultPro\server\fulfillmentService.ts", "TypeScript", -198, 0, 0, 0, 0, 0, 0, 0, 0, 0, 0, 0, 0, 0, 0, -1, -20, -219
"c:\titan-automation\QuoteVaultPro\server\index.ts", "TypeScript", -250, 0, 0, 0, 0, 0, 0, 0, 0, 0, 0, 0, 0, 0, 0, -26, -39, -315
"c:\titan-automation\QuoteVaultPro\server\invoicesService.ts", "TypeScript", -247, 0, 0, 0, 0, 0, 0, 0, 0, 0, 0, 0, 0, 0, 0, -10, -32, -289
"c:\titan-automation\QuoteVaultPro\server\lib\duplicateProductTransform.ts", "TypeScript", -55, 0, 0, 0, 0, 0, 0, 0, 0, 0, 0, 0, 0, 0, 0, -2, -19, -76
"c:\titan-automation\QuoteVaultPro\server\lib\invoicePdf.ts", "TypeScript", -725, 0, 0, 0, 0, 0, 0, 0, 0, 0, 0, 0, 0, 0, 0, -36, -139, -900
"c:\titan-automation\QuoteVaultPro\server\lib\invoicePdfTheme.ts", "TypeScript", -205, 0, 0, 0, 0, 0, 0, 0, 0, 0, 0, 0, 0, 0, 0, -5, -33, -243
"c:\titan-automation\QuoteVaultPro\server\lib\manualInventoryReservationsRepo.ts", "TypeScript", -222, 0, 0, 0, 0, 0, 0, 0, 0, 0, 0, 0, 0, 0, 0, 0, -25, -247
"c:\titan-automation\QuoteVaultPro\server\lib\pbv2ComponentUpsert.ts", "TypeScript", -59, 0, 0, 0, 0, 0, 0, 0, 0, 0, 0, 0, 0, 0, 0, 0, -11, -70
"c:\titan-automation\QuoteVaultPro\server\lib\pbv2InventoryReservations.ts", "TypeScript", -154, 0, 0, 0, 0, 0, 0, 0, 0, 0, 0, 0, 0, 0, 0, -2, -27, -183
"c:\titan-automation\QuoteVaultPro\server\lib\pbv2OrderRollupResponse.ts", "TypeScript", -62, 0, 0, 0, 0, 0, 0, 0, 0, 0, 0, 0, 0, 0, 0, 0, -6, -68
"c:\titan-automation\QuoteVaultPro\server\lib\pbv2OverrideConfig.ts", "TypeScript", -47, 0, 0, 0, 0, 0, 0, 0, 0, 0, 0, 0, 0, 0, 0, 0, -12, -59
"c:\titan-automation\QuoteVaultPro\server\lib\pbv2TreeVersionGuards.ts", "TypeScript", -12, 0, 0, 0, 0, 0, 0, 0, 0, 0, 0, 0, 0, 0, 0, -1, -3, -16
"c:\titan-automation\QuoteVaultPro\server\lib\stripe.ts", "TypeScript", -87, 0, 0, 0, 0, 0, 0, 0, 0, 0, 0, 0, 0, 0, 0, 0, -20, -107
"c:\titan-automation\QuoteVaultPro\server\lib\supabaseObjectHelpers.ts", "TypeScript", -203, 0, 0, 0, 0, 0, 0, 0, 0, 0, 0, 0, 0, 0, 0, -29, -31, -263
"c:\titan-automation\QuoteVaultPro\server\lib\thumbnailContract.ts", "TypeScript", -27, 0, 0, 0, 0, 0, 0, 0, 0, 0, 0, 0, 0, 0, 0, -8, -5, -40
"c:\titan-automation\QuoteVaultPro\server\localAuth.ts", "TypeScript", -481, 0, 0, 0, 0, 0, 0, 0, 0, 0, 0, 0, 0, 0, 0, -64, -82, -627
"c:\titan-automation\QuoteVaultPro\server\objectAcl.ts", "TypeScript", -104, 0, 0, 0, 0, 0, 0, 0, 0, 0, 0, 0, 0, 0, 0, 0, -20, -124
"c:\titan-automation\QuoteVaultPro\server\objectStorage.ts", "TypeScript", -245, 0, 0, 0, 0, 0, 0, 0, 0, 0, 0, 0, 0, 0, 0, -2, -37, -284
"c:\titan-automation\QuoteVaultPro\server\prepress\adapters\InputAdapter.ts", "TypeScript", -22, 0, 0, 0, 0, 0, 0, 0, 0, 0, 0, 0, 0, 0, 0, -35, -7, -64
"c:\titan-automation\QuoteVaultPro\server\prepress\adapters\OutputAdapter.ts", "TypeScript", -33, 0, 0, 0, 0, 0, 0, 0, 0, 0, 0, 0, 0, 0, 0, -37, -8, -78
"c:\titan-automation\QuoteVaultPro\server\prepress\findings-service.ts", "TypeScript", -111, 0, 0, 0, 0, 0, 0, 0, 0, 0, 0, 0, 0, 0, 0, -53, -12, -176
"c:\titan-automation\QuoteVaultPro\server\prepress\pipeline.ts", "TypeScript", -251, 0, 0, 0, 0, 0, 0, 0, 0, 0, 0, 0, 0, 0, 0, -59, -44, -354
"c:\titan-automation\QuoteVaultPro\server\prepress\routes.ts", "TypeScript", -357, 0, 0, 0, 0, 0, 0, 0, 0, 0, 0, 0, 0, 0, 0, -42, -66, -465
"c:\titan-automation\QuoteVaultPro\server\prepress\schema.ts", "TypeScript", -161, 0, 0, 0, 0, 0, 0, 0, 0, 0, 0, 0, 0, 0, 0, -36, -38, -235
"c:\titan-automation\QuoteVaultPro\server\prepress\storage.ts", "TypeScript", -77, 0, 0, 0, 0, 0, 0, 0, 0, 0, 0, 0, 0, 0, 0, -51, -16, -144
"c:\titan-automation\QuoteVaultPro\server\prepress\toolchain\detector.ts", "TypeScript", -69, 0, 0, 0, 0, 0, 0, 0, 0, 0, 0, 0, 0, 0, 0, -27, -16, -112
"c:\titan-automation\QuoteVaultPro\server\prepress\toolchain\ghostscript.ts", "TypeScript", -46, 0, 0, 0, 0, 0, 0, 0, 0, 0, 0, 0, 0, 0, 0, -28, -11, -85
"c:\titan-automation\QuoteVaultPro\server\prepress\toolchain\normalizer.ts", "TypeScript", -307, 0, 0, 0, 0, 0, 0, 0, 0, 0, 0, 0, 0, 0, 0, -54, -53, -414
"c:\titan-automation\QuoteVaultPro\server\prepress\toolchain\pdfinfo.ts", "TypeScript", -126, 0, 0, 0, 0, 0, 0, 0, 0, 0, 0, 0, 0, 0, 0, -26, -27, -179
"c:\titan-automation\QuoteVaultPro\server\prepress\toolchain\qpdf.ts", "TypeScript", -66, 0, 0, 0, 0, 0, 0, 0, 0, 0, 0, 0, 0, 0, 0, -21, -13, -100
"c:\titan-automation\QuoteVaultPro\server\prepress\toolchain\renderer.ts", "TypeScript", -61, 0, 0, 0, 0, 0, 0, 0, 0, 0, 0, 0, 0, 0, 0, -31, -16, -108
"c:\titan-automation\QuoteVaultPro\server\prepress\types.ts", "TypeScript", -126, 0, 0, 0, 0, 0, 0, 0, 0, 0, 0, 0, 0, 0, 0, -27, -24, -177
"c:\titan-automation\QuoteVaultPro\server\prepress\worker\cleanup.ts", "TypeScript", -61, 0, 0, 0, 0, 0, 0, 0, 0, 0, 0, 0, 0, 0, 0, -27, -20, -108
"c:\titan-automation\QuoteVaultPro\server\prepress\worker\in-process.ts", "TypeScript", -30, 0, 0, 0, 0, 0, 0, 0, 0, 0, 0, 0, 0, 0, 0, -19, -14, -63
"c:\titan-automation\QuoteVaultPro\server\prepress\worker\main.ts", "TypeScript", -34, 0, 0, 0, 0, 0, 0, 0, 0, 0, 0, 0, 0, 0, 0, -15, -14, -63
"c:\titan-automation\QuoteVaultPro\server\prepress\worker\poller.ts", "TypeScript", -54, 0, 0, 0, 0, 0, 0, 0, 0, 0, 0, 0, 0, 0, 0, -19, -19, -92
"c:\titan-automation\QuoteVaultPro\server\prepress\worker\processor.ts", "TypeScript", -111, 0, 0, 0, 0, 0, 0, 0, 0, 0, 0, 0, 0, 0, 0, -35, -25, -171
"c:\titan-automation\QuoteVaultPro\server\pricingService.ts", "TypeScript", -383, 0, 0, 0, 0, 0, 0, 0, 0, 0, 0, 0, 0, 0, 0, -179, -67, -629
"c:\titan-automation\QuoteVaultPro\server\productionHelpers.ts", "TypeScript", -109, 0, 0, 0, 0, 0, 0, 0, 0, 0, 0, 0, 0, 0, 0, -5, -15, -129
"c:\titan-automation\QuoteVaultPro\server\quickbooksService.ts", "TypeScript", -1453, 0, 0, 0, 0, 0, 0, 0, 0, 0, 0, 0, 0, 0, 0, -124, -242, -1819
"c:\titan-automation\QuoteVaultPro\server\quoteOrderPricing.ts", "TypeScript", -110, 0, 0, 0, 0, 0, 0, 0, 0, 0, 0, 0, 0, 0, 0, -40, -15, -165
"c:\titan-automation\QuoteVaultPro\server\replitAuth.ts", "TypeScript", -162, 0, 0, 0, 0, 0, 0, 0, 0, 0, 0, 0, 0, 0, 0, -4, -27, -193
"c:\titan-automation\QuoteVaultPro\server\routes.ts", "TypeScript", -11122, 0, 0, 0, 0, 0, 0, 0, 0, 0, 0, 0, 0, 0, 0, -826, -1504, -13452
"c:\titan-automation\QuoteVaultPro\server\routes\attachments.routes.ts", "TypeScript", -1864, 0, 0, 0, 0, 0, 0, 0, 0, 0, 0, 0, 0, 0, 0, -287, -299, -2450
"c:\titan-automation\QuoteVaultPro\server\routes\mvpInvoicing.routes.ts", "TypeScript", -1744, 0, 0, 0, 0, 0, 0, 0, 0, 0, 0, 0, 0, 0, 0, -104, -275, -2123
"c:\titan-automation\QuoteVaultPro\server\routes\orders.routes.ts", "TypeScript", -4833, 0, 0, 0, 0, 0, 0, 0, 0, 0, 0, 0, 0, 0, 0, -184, -685, -5702
"c:\titan-automation\QuoteVaultPro\server\scripts\auditTenantColumns.ts", "TypeScript", -197, 0, 0, 0, 0, 0, 0, 0, 0, 0, 0, 0, 0, 0, 0, -21, -28, -246
"c:\titan-automation\QuoteVaultPro\server\services\artworkProcessor.ts", "TypeScript", -123, 0, 0, 0, 0, 0, 0, 0, 0, 0, 0, 0, 0, 0, 0, -33, -29, -185
"c:\titan-automation\QuoteVaultPro\server\services\assets\AssetPreviewGenerator.ts", "TypeScript", -326, 0, 0, 0, 0, 0, 0, 0, 0, 0, 0, 0, 0, 0, 0, -63, -58, -447
"c:\titan-automation\QuoteVaultPro\server\services\assets\AssetRepository.ts", "TypeScript", -277, 0, 0, 0, 0, 0, 0, 0, 0, 0, 0, 0, 0, 0, 0, -63, -38, -378
"c:\titan-automation\QuoteVaultPro\server\services\assets\enrichAssetWithUrls.ts", "TypeScript", -52, 0, 0, 0, 0, 0, 0, 0, 0, 0, 0, 0, 0, 0, 0, -22, -11, -85
"c:\titan-automation\QuoteVaultPro\server\services\chunkedUploads.ts", "TypeScript", -314, 0, 0, 0, 0, 0, 0, 0, 0, 0, 0, 0, 0, 0, 0, -17, -54, -385
"c:\titan-automation\QuoteVaultPro\server\services\invoicePdf.ts", "TypeScript", -1, 0, 0, 0, 0, 0, 0, 0, 0, 0, 0, 0, 0, 0, 0, 0, -1, -2
"c:\titan-automation\QuoteVaultPro\server\services\localStoragePath.ts", "TypeScript", -28, 0, 0, 0, 0, 0, 0, 0, 0, 0, 0, 0, 0, 0, 0, -27, -10, -65
"c:\titan-automation\QuoteVaultPro\server\services\optionTreeV2Evaluator.ts", "TypeScript", -219, 0, 0, 0, 0, 0, 0, 0, 0, 0, 0, 0, 0, 0, 0, -10, -49, -278
"c:\titan-automation\QuoteVaultPro\server\services\orderBillingService.ts", "TypeScript", -97, 0, 0, 0, 0, 0, 0, 0, 0, 0, 0, 0, 0, 0, 0, -6, -28, -131
"c:\titan-automation\QuoteVaultPro\server\services\orderStateService.ts", "TypeScript", -239, 0, 0, 0, 0, 0, 0, 0, 0, 0, 0, 0, 0, 0, 0, -59, -42, -340
"c:\titan-automation\QuoteVaultPro\server\services\orderStatusPillService.ts", "TypeScript", -273, 0, 0, 0, 0, 0, 0, 0, 0, 0, 0, 0, 0, 0, 0, -60, -48, -381
"c:\titan-automation\QuoteVaultPro\server\services\orderTransition.ts", "TypeScript", -191, 0, 0, 0, 0, 0, 0, 0, 0, 0, 0, 0, 0, 0, 0, -46, -41, -278
"c:\titan-automation\QuoteVaultPro\server\services\pdfProcessing.ts", "TypeScript", -543, 0, 0, 0, 0, 0, 0, 0, 0, 0, 0, 0, 0, 0, 0, -79, -62, -684
"c:\titan-automation\QuoteVaultPro\server\services\productionScheduling.ts", "TypeScript", -203, 0, 0, 0, 0, 0, 0, 0, 0, 0, 0, 0, 0, 0, 0, -33, -31, -267
"c:\titan-automation\QuoteVaultPro\server\services\quickbooksSyncQueueWorker.ts", "TypeScript", -324, 0, 0, 0, 0, 0, 0, 0, 0, 0, 0, 0, 0, 0, 0, -4, -40, -368
"c:\titan-automation\QuoteVaultPro\server\services\storageTarget.ts", "TypeScript", -78, 0, 0, 0, 0, 0, 0, 0, 0, 0, 0, 0, 0, 0, 0, -5, -19, -102
"c:\titan-automation\QuoteVaultPro\server\services\tests\optionTreeV2Weight.test.ts", "TypeScript", -220, 0, 0, 0, 0, 0, 0, 0, 0, 0, 0, 0, 0, 0, 0, -5, -29, -254
"c:\titan-automation\QuoteVaultPro\server\services\thumbnailGenerator.ts", "TypeScript", -361, 0, 0, 0, 0, 0, 0, 0, 0, 0, 0, 0, 0, 0, 0, -68, -55, -484
"c:\titan-automation\QuoteVaultPro\server\storage.ts", "TypeScript", -3, 0, 0, 0, 0, 0, 0, 0, 0, 0, 0, 0, 0, 0, 0, -20, -3, -26
"c:\titan-automation\QuoteVaultPro\server\storage\accounting.repo.ts", "TypeScript", -190, 0, 0, 0, 0, 0, 0, 0, 0, 0, 0, 0, 0, 0, 0, -3, -15, -208
"c:\titan-automation\QuoteVaultPro\server\storage\audit.repo.ts", "TypeScript", -46, 0, 0, 0, 0, 0, 0, 0, 0, 0, 0, 0, 0, 0, 0, 0, -8, -54
"c:\titan-automation\QuoteVaultPro\server\storage\customers.repo.ts", "TypeScript", -445, 0, 0, 0, 0, 0, 0, 0, 0, 0, 0, 0, 0, 0, 0, -27, -84, -556
"c:\titan-automation\QuoteVaultPro\server\storage\import.repo.ts", "TypeScript", -114, 0, 0, 0, 0, 0, 0, 0, 0, 0, 0, 0, 0, 0, 0, 0, -15, -129
"c:\titan-automation\QuoteVaultPro\server\storage\index.ts", "TypeScript", -379, 0, 0, 0, 0, 0, 0, 0, 0, 0, 0, 0, 0, 0, 0, -61, -49, -489
"c:\titan-automation\QuoteVaultPro\server\storage\inventory.repo.ts", "TypeScript", -152, 0, 0, 0, 0, 0, 0, 0, 0, 0, 0, 0, 0, 0, 0, -4, -24, -180
"c:\titan-automation\QuoteVaultPro\server\storage\jobs.repo.ts", "TypeScript", -172, 0, 0, 0, 0, 0, 0, 0, 0, 0, 0, 0, 0, 0, 0, -11, -21, -204
"c:\titan-automation\QuoteVaultPro\server\storage\orders.repo.ts", "TypeScript", -1071, 0, 0, 0, 0, 0, 0, 0, 0, 0, 0, 0, 0, 0, 0, -53, -121, -1245
"c:\titan-automation\QuoteVaultPro\server\storage\quotes.repo.ts", "TypeScript", -1089, 0, 0, 0, 0, 0, 0, 0, 0, 0, 0, 0, 0, 0, 0, -83, -138, -1310
"c:\titan-automation\QuoteVaultPro\server\storage\shared.repo.ts", "TypeScript", -813, 0, 0, 0, 0, 0, 0, 0, 0, 0, 0, 0, 0, 0, 0, -32, -126, -971
"c:\titan-automation\QuoteVaultPro\server\supabaseStorage.ts", "TypeScript", -209, 0, 0, 0, 0, 0, 0, 0, 0, 0, 0, 0, 0, 0, 0, -63, -53, -325
"c:\titan-automation\QuoteVaultPro\server\taxRepo.ts", "TypeScript", -173, 0, 0, 0, 0, 0, 0, 0, 0, 0, 0, 0, 0, 0, 0, -47, -26, -246
"c:\titan-automation\QuoteVaultPro\server\tenantContext.ts", "TypeScript", -272, 0, 0, 0, 0, 0, 0, 0, 0, 0, 0, 0, 0, 0, 0, -72, -48, -392
"c:\titan-automation\QuoteVaultPro\server\tenantStorage.ts", "TypeScript", -27, 0, 0, 0, 0, 0, 0, 0, 0, 0, 0, 0, 0, 0, 0, -105, -8, -140
"c:\titan-automation\QuoteVaultPro\server\tests\duplicateProductTransform.test.ts", "TypeScript", -93, 0, 0, 0, 0, 0, 0, 0, 0, 0, 0, 0, 0, 0, 0, -2, -7, -102
"c:\titan-automation\QuoteVaultPro\server\tests\invoicePdfLayoutSystem.test.ts", "TypeScript", -104, 0, 0, 0, 0, 0, 0, 0, 0, 0, 0, 0, 0, 0, 0, -5, -13, -122
"c:\titan-automation\QuoteVaultPro\server\tests\lineItems.optionSelectionsJson.test.ts", "TypeScript", -178, 0, 0, 0, 0, 0, 0, 0, 0, 0, 0, 0, 0, 0, 0, -3, -27, -208
"c:\titan-automation\QuoteVaultPro\server\tests\multiTenant.smoke.test.ts", "TypeScript", -685, 0, 0, 0, 0, 0, 0, 0, 0, 0, 0, 0, 0, 0, 0, -111, -162, -958
"c:\titan-automation\QuoteVaultPro\server\tests\orderTransition.test.ts", "TypeScript", -329, 0, 0, 0, 0, 0, 0, 0, 0, 0, 0, 0, 0, 0, 0, -7, -44, -380
"c:\titan-automation\QuoteVaultPro\server\tests\pbv2ComponentUpsert.test.ts", "TypeScript", -134, 0, 0, 0, 0, 0, 0, 0, 0, 0, 0, 0, 0, 0, 0, -8, -18, -160
"c:\titan-automation\QuoteVaultPro\server\tests\pbv2InventoryReservations.test.ts", "TypeScript", -122, 0, 0, 0, 0, 0, 0, 0, 0, 0, 0, 0, 0, 0, 0, -5, -13, -140
"c:\titan-automation\QuoteVaultPro\server\tests\pbv2OrderRollup.contract.test.ts", "TypeScript", -81, 0, 0, 0, 0, 0, 0, 0, 0, 0, 0, 0, 0, 0, 0, -6, -12, -99
"c:\titan-automation\QuoteVaultPro\server\tests\pbv2OverrideConfig.test.ts", "TypeScript", -46, 0, 0, 0, 0, 0, 0, 0, 0, 0, 0, 0, 0, 0, 0, 0, -7, -53
"c:\titan-automation\QuoteVaultPro\server\tests\pbv2TreeVersionGuards.test.ts", "TypeScript", -18, 0, 0, 0, 0, 0, 0, 0, 0, 0, 0, 0, 0, 0, 0, 0, -3, -21
"c:\titan-automation\QuoteVaultPro\server\tests\pbv2TreeVersions.smoke.test.ts", "TypeScript", -5, 0, 0, 0, 0, 0, 0, 0, 0, 0, 0, 0, 0, 0, 0, -2, -2, -9
"c:\titan-automation\QuoteVaultPro\server\tests\setup.ts", "TypeScript", -7, 0, 0, 0, 0, 0, 0, 0, 0, 0, 0, 0, 0, 0, 0, -9, -5, -21
"c:\titan-automation\QuoteVaultPro\server\tests\test-order-transition-integration.ts", "TypeScript", -132, 0, 0, 0, 0, 0, 0, 0, 0, 0, 0, 0, 0, 0, 0, -13, -20, -165
"c:\titan-automation\QuoteVaultPro\server\tests\thumbnailContract.test.ts", "TypeScript", -41, 0, 0, 0, 0, 0, 0, 0, 0, 0, 0, 0, 0, 0, 0, 0, -9, -50
"c:\titan-automation\QuoteVaultPro\server\types\intuit-oauth.d.ts", "TypeScript", -1, 0, 0, 0, 0, 0, 0, 0, 0, 0, 0, 0, 0, 0, 0, 0, -1, -2
"c:\titan-automation\QuoteVaultPro\server\utils\fileStorage.ts", "TypeScript", -179, 0, 0, 0, 0, 0, 0, 0, 0, 0, 0, 0, 0, 0, 0, -109, -29, -317
"c:\titan-automation\QuoteVaultPro\server\utils\orgKeys.ts", "TypeScript", -93, 0, 0, 0, 0, 0, 0, 0, 0, 0, 0, 0, 0, 0, 0, -39, -25, -157
"c:\titan-automation\QuoteVaultPro\server\vite.ts", "TypeScript", -70, 0, 0, 0, 0, 0, 0, 0, 0, 0, 0, 0, 0, 0, 0, -4, -13, -87
"c:\titan-automation\QuoteVaultPro\server\workers\assetPreviewWorker.ts", "TypeScript", -60, 0, 0, 0, 0, 0, 0, 0, 0, 0, 0, 0, 0, 0, 0, -15, -13, -88
"c:\titan-automation\QuoteVaultPro\server\workers\syncProcessor.ts", "TypeScript", -128, 0, 0, 0, 0, 0, 0, 0, 0, 0, 0, 0, 0, 0, 0, -32, -24, -184
"c:\titan-automation\QuoteVaultPro\server\workers\thumbnailWorker.ts", "TypeScript", -360, 0, 0, 0, 0, 0, 0, 0, 0, 0, 0, 0, 0, 0, 0, -35, -49, -444
"c:\titan-automation\QuoteVaultPro\server\workers\workerGates.ts", "TypeScript", -70, 0, 0, 0, 0, 0, 0, 0, 0, 0, 0, 0, 0, 0, 0, -48, -16, -134
"c:\titan-automation\QuoteVaultPro\shared\csv.ts", "TypeScript", -13, 0, 0, 0, 0, 0, 0, 0, 0, 0, 0, 0, 0, 0, 0, 0, -3, -16
"c:\titan-automation\QuoteVaultPro\shared\desktop.ini", "Ini", 0, 0, 0, 0, 0, 0, 0, 0, 0, 0, 0, -4, 0, 0, 0, 0, -1, -5
"c:\titan-automation\QuoteVaultPro\shared\inventoryPolicy.ts", "TypeScript", -67, 0, 0, 0, 0, 0, 0, 0, 0, 0, 0, 0, 0, 0, 0, -13, -15, -95
"c:\titan-automation\QuoteVaultPro\shared\inventoryPolicyPreferences.ts", "TypeScript", -112, 0, 0, 0, 0, 0, 0, 0, 0, 0, 0, 0, 0, 0, 0, -19, -25, -156
"c:\titan-automation\QuoteVaultPro\shared\inventoryReservationsRollups.ts", "TypeScript", -82, 0, 0, 0, 0, 0, 0, 0, 0, 0, 0, 0, 0, 0, 0, -8, -20, -110
"c:\titan-automation\QuoteVaultPro\shared\lineItemFlags.ts", "TypeScript", -105, 0, 0, 0, 0, 0, 0, 0, 0, 0, 0, 0, 0, 0, 0, -3, -18, -126
"c:\titan-automation\QuoteVaultPro\shared\lineItemOptionSummary.ts", "TypeScript", -164, 0, 0, 0, 0, 0, 0, 0, 0, 0, 0, 0, 0, 0, 0, -15, -36, -215
"c:\titan-automation\QuoteVaultPro\shared\optionTreeV2.ts", "TypeScript", -241, 0, 0, 0, 0, 0, 0, 0, 0, 0, 0, 0, 0, 0, 0, -13, -32, -286
"c:\titan-automation\QuoteVaultPro\shared\optionTreeV2Initializer.ts", "TypeScript", -150, 0, 0, 0, 0, 0, 0, 0, 0, 0, 0, 0, 0, 0, 0, -2, -35, -187
"c:\titan-automation\QuoteVaultPro\shared\optionTreeV2Runtime.ts", "TypeScript", -93, 0, 0, 0, 0, 0, 0, 0, 0, 0, 0, 0, 0, 0, 0, -1, -15, -109
"c:\titan-automation\QuoteVaultPro\shared\pbv2\componentDiscounts.ts", "TypeScript", -182, 0, 0, 0, 0, 0, 0, 0, 0, 0, 0, 0, 0, 0, 0, -3, -40, -225
"c:\titan-automation\QuoteVaultPro\shared\pbv2\expressionSpec.ts", "TypeScript", -78, 0, 0, 0, 0, 0, 0, 0, 0, 0, 0, 0, 0, 0, 0, 0, -8, -86
"c:\titan-automation\QuoteVaultPro\shared\pbv2\findings.ts", "TypeScript", -28, 0, 0, 0, 0, 0, 0, 0, 0, 0, 0, 0, 0, 0, 0, -3, -7, -38
"c:\titan-automation\QuoteVaultPro\shared\pbv2\formulaValidation.ts", "TypeScript", -52, 0, 0, 0, 0, 0, 0, 0, 0, 0, 0, 0, 0, 0, 0, 0, -5, -57
"c:\titan-automation\QuoteVaultPro\shared\pbv2\pbv2ComponentDiff.ts", "TypeScript", -148, 0, 0, 0, 0, 0, 0, 0, 0, 0, 0, 0, 0, 0, 0, -2, -26, -176
"c:\titan-automation\QuoteVaultPro\shared\pbv2\pbv2EffectIndex.ts", "TypeScript", -41, 0, 0, 0, 0, 0, 0, 0, 0, 0, 0, 0, 0, 0, 0, -2, -9, -52
"c:\titan-automation\QuoteVaultPro\shared\pbv2\pbv2InputSignature.ts", "TypeScript", -90, 0, 0, 0, 0, 0, 0, 0, 0, 0, 0, 0, 0, 0, 0, -5, -19, -114
"c:\titan-automation\QuoteVaultPro\shared\pbv2\pbv2OrderRollup.ts", "TypeScript", -182, 0, 0, 0, 0, 0, 0, 0, 0, 0, 0, 0, 0, 0, 0, -2, -27, -211
"c:\titan-automation\QuoteVaultPro\shared\pbv2\pricingAdapter.ts", "TypeScript", -1005, 0, 0, 0, 0, 0, 0, 0, 0, 0, 0, 0, 0, 0, 0, -10, -204, -1219
"c:\titan-automation\QuoteVaultPro\shared\pbv2\refContract.ts", "TypeScript", -65, 0, 0, 0, 0, 0, 0, 0, 0, 0, 0, 0, 0, 0, 0, 0, -9, -74
"c:\titan-automation\QuoteVaultPro\shared\pbv2\refResolver.ts", "TypeScript", -395, 0, 0, 0, 0, 0, 0, 0, 0, 0, 0, 0, 0, 0, 0, -4, -41, -440
"c:\titan-automation\QuoteVaultPro\shared\pbv2\starterTree.ts", "TypeScript", -412, 0, 0, 0, 0, 0, 0, 0, 0, 0, 0, 0, 0, 0, 0, -29, -14, -455
"c:\titan-automation\QuoteVaultPro\shared\pbv2\symbolTable.ts", "TypeScript", -194, 0, 0, 0, 0, 0, 0, 0, 0, 0, 0, 0, 0, 0, 0, -6, -37, -237
"c:\titan-automation\QuoteVaultPro\shared\pbv2\tests\bannerWeightOptionPricing.test.ts", "TypeScript", -183, 0, 0, 0, 0, 0, 0, 0, 0, 0, 0, 0, 0, 0, 0, -5, -16, -204
"c:\titan-automation\QuoteVaultPro\shared\pbv2\tests\childItemProposals.test.ts", "TypeScript", -100, 0, 0, 0, 0, 0, 0, 0, 0, 0, 0, 0, 0, 0, 0, -3, -11, -114
"c:\titan-automation\QuoteVaultPro\shared\pbv2\tests\componentDiscounts.test.ts", "TypeScript", -115, 0, 0, 0, 0, 0, 0, 0, 0, 0, 0, 0, 0, 0, 0, -3, -14, -132
"c:\titan-automation\QuoteVaultPro\shared\pbv2\tests\formulaValidation.test.ts", "TypeScript", -49, 0, 0, 0, 0, 0, 0, 0, 0, 0, 0, 0, 0, 0, 0, 0, -11, -60
"c:\titan-automation\QuoteVaultPro\shared\pbv2\tests\pricingAdapter.grommets.test.ts", "TypeScript", -58, 0, 0, 0, 0, 0, 0, 0, 0, 0, 0, 0, 0, 0, 0, 0, -14, -72
"c:\titan-automation\QuoteVaultPro\shared\pbv2\tests\publishDecision.smoke.test.ts", "TypeScript", -43, 0, 0, 0, 0, 0, 0, 0, 0, 0, 0, 0, 0, 0, 0, -1, -6, -50
"c:\titan-automation\QuoteVaultPro\shared\pbv2\tests\refResolver.test.ts", "TypeScript", -49, 0, 0, 0, 0, 0, 0, 0, 0, 0, 0, 0, 0, 0, 0, 0, -14, -63
"c:\titan-automation\QuoteVaultPro\shared\pbv2\tests\symbolTable.test.ts", "TypeScript", -28, 0, 0, 0, 0, 0, 0, 0, 0, 0, 0, 0, 0, 0, 0, 0, -5, -33
"c:\titan-automation\QuoteVaultPro\shared\pbv2\tests\typeChecker.test.ts", "TypeScript", -48, 0, 0, 0, 0, 0, 0, 0, 0, 0, 0, 0, 0, 0, 0, -1, -11, -60
"c:\titan-automation\QuoteVaultPro\shared\pbv2\tests\validator\validateEvalGate.test.ts", "TypeScript", -12, 0, 0, 0, 0, 0, 0, 0, 0, 0, 0, 0, 0, 0, 0, 0, -3, -15
"c:\titan-automation\QuoteVaultPro\shared\pbv2\tests\validator\validatePublish.test.ts", "TypeScript", -195, 0, 0, 0, 0, 0, 0, 0, 0, 0, 0, 0, 0, 0, 0, 0, -20, -215
"c:\titan-automation\QuoteVaultPro\shared\pbv2\tests\validator\validateRestore.test.ts", "TypeScript", -54, 0, 0, 0, 0, 0, 0, 0, 0, 0, 0, 0, 0, 0, 0, 0, -9, -63
"c:\titan-automation\QuoteVaultPro\shared\pbv2\tests\variableCatalog.test.ts", "TypeScript", -28, 0, 0, 0, 0, 0, 0, 0, 0, 0, 0, 0, 0, 0, 0, -2, -6, -36
"c:\titan-automation\QuoteVaultPro\shared\pbv2\typeChecker.ts", "TypeScript", -535, 0, 0, 0, 0, 0, 0, 0, 0, 0, 0, 0, 0, 0, 0, -11, -62, -608
"c:\titan-automation\QuoteVaultPro\shared\pbv2\validator\index.ts", "TypeScript", -4, 0, 0, 0, 0, 0, 0, 0, 0, 0, 0, 0, 0, 0, 0, 0, -1, -5
"c:\titan-automation\QuoteVaultPro\shared\pbv2\validator\types.ts", "TypeScript", -27, 0, 0, 0, 0, 0, 0, 0, 0, 0, 0, 0, 0, 0, 0, 0, -6, -33
"c:\titan-automation\QuoteVaultPro\shared\pbv2\validator\validateEvalGate.ts", "TypeScript", -58, 0, 0, 0, 0, 0, 0, 0, 0, 0, 0, 0, 0, 0, 0, -1, -9, -68
"c:\titan-automation\QuoteVaultPro\shared\pbv2\validator\validatePublish.ts", "TypeScript", -1694, 0, 0, 0, 0, 0, 0, 0, 0, 0, 0, 0, 0, 0, 0, -24, -175, -1893
"c:\titan-automation\QuoteVaultPro\shared\pbv2\validator\validateRestore.ts", "TypeScript", -446, 0, 0, 0, 0, 0, 0, 0, 0, 0, 0, 0, 0, 0, 0, -8, -81, -535
"c:\titan-automation\QuoteVaultPro\shared\pbv2\variableCatalog.ts", "TypeScript", -162, 0, 0, 0, 0, 0, 0, 0, 0, 0, 0, 0, 0, 0, 0, -8, -19, -189
"c:\titan-automation\QuoteVaultPro\shared\pricingProfiles.ts", "TypeScript", -307, 0, 0, 0, 0, 0, 0, 0, 0, 0, 0, 0, 0, 0, 0, -121, -40, -468
"c:\titan-automation\QuoteVaultPro\shared\productOptionUi.ts", "TypeScript", -524, 0, 0, 0, 0, 0, 0, 0, 0, 0, 0, 0, 0, 0, 0, -61, -65, -650
"c:\titan-automation\QuoteVaultPro\shared\quickBooksPreferences.ts", "TypeScript", -14, 0, 0, 0, 0, 0, 0, 0, 0, 0, 0, 0, 0, 0, 0, 0, -6, -20
"c:\titan-automation\QuoteVaultPro\shared\quoteWorkflow.ts", "TypeScript", -174, 0, 0, 0, 0, 0, 0, 0, 0, 0, 0, 0, 0, 0, 0, -118, -44, -336
"c:\titan-automation\QuoteVaultPro\shared\rollups\invoicePaymentRollup.ts", "TypeScript", -85, 0, 0, 0, 0, 0, 0, 0, 0, 0, 0, 0, 0, 0, 0, 0, -20, -105
"c:\titan-automation\QuoteVaultPro\shared\schema.ts", "TypeScript", -3314, 0, 0, 0, 0, 0, 0, 0, 0, 0, 0, 0, 0, 0, 0, -287, -366, -3967
"c:\titan-automation\QuoteVaultPro\shared\tests\inventoryPolicyGate.test.ts", "TypeScript", -58, 0, 0, 0, 0, 0, 0, 0, 0, 0, 0, 0, 0, 0, 0, 0, -10, -68
"c:\titan-automation\QuoteVaultPro\shared\tests\inventoryPolicyPreferences.test.ts", "TypeScript", -79, 0, 0, 0, 0, 0, 0, 0, 0, 0, 0, 0, 0, 0, 0, -1, -13, -93
"c:\titan-automation\QuoteVaultPro\shared\tests\invoicePaymentRollup.test.ts", "TypeScript", -95, 0, 0, 0, 0, 0, 0, 0, 0, 0, 0, 0, 0, 0, 0, 0, -13, -108
"c:\titan-automation\QuoteVaultPro\shared\tests\manualInventoryReservationsRollups.test.ts", "TypeScript", -60, 0, 0, 0, 0, 0, 0, 0, 0, 0, 0, 0, 0, 0, 0, 0, -9, -69
"c:\titan-automation\QuoteVaultPro\shared\tests\optionTreeV2Initializer.test.ts", "TypeScript", -86, 0, 0, 0, 0, 0, 0, 0, 0, 0, 0, 0, 0, 0, 0, -3, -7, -96
"c:\titan-automation\QuoteVaultPro\shared\tests\pbv2ComponentDiff.test.ts", "TypeScript", -144, 0, 0, 0, 0, 0, 0, 0, 0, 0, 0, 0, 0, 0, 0, 0, -17, -161
"c:\titan-automation\QuoteVaultPro\shared\tests\pbv2InputSignature.test.ts", "TypeScript", -31, 0, 0, 0, 0, 0, 0, 0, 0, 0, 0, 0, 0, 0, 0, 0, -7, -38
"c:\titan-automation\QuoteVaultPro\shared\tests\pbv2OrderRollup.test.ts", "TypeScript", -74, 0, 0, 0, 0, 0, 0, 0, 0, 0, 0, 0, 0, 0, 0, -3, -9, -86
"c:\titan-automation\QuoteVaultPro\shared\tests\productOptionUi.grouping.test.ts", "TypeScript", -86, 0, 0, 0, 0, 0, 0, 0, 0, 0, 0, 0, 0, 0, 0, 0, -11, -97
"c:\titan-automation\QuoteVaultPro\shared\tests\uomConversions.test.ts", "TypeScript", -57, 0, 0, 0, 0, 0, 0, 0, 0, 0, 0, 0, 0, 0, 0, -2, -11, -70
"c:\titan-automation\QuoteVaultPro\shared\timelineEvents.ts", "TypeScript", -19, 0, 0, 0, 0, 0, 0, 0, 0, 0, 0, 0, 0, 0, 0, 0, -2, -21
"c:\titan-automation\QuoteVaultPro\shared\uomConversions.ts", "TypeScript", -102, 0, 0, 0, 0, 0, 0, 0, 0, 0, 0, 0, 0, 0, 0, -4, -18, -124
"c:\titan-automation\QuoteVaultPro\sync-users-customers.ts", "TypeScript", -29, 0, 0, 0, 0, 0, 0, 0, 0, 0, 0, 0, 0, 0, 0, -4, -8, -41
"c:\titan-automation\QuoteVaultPro\tailwind.config.ts", "TypeScript", -162, 0, 0, 0, 0, 0, 0, 0, 0, 0, 0, 0, 0, 0, 0, -5, -2, -169
"c:\titan-automation\QuoteVaultPro\test-approval-requester-tracking.ts", "TypeScript", -142, 0, 0, 0, 0, 0, 0, 0, 0, 0, 0, 0, 0, 0, 0, -10, -28, -180
"c:\titan-automation\QuoteVaultPro\test-approvals-api-full.ts", "TypeScript", -153, 0, 0, 0, 0, 0, 0, 0, 0, 0, 0, 0, 0, 0, 0, -11, -27, -191
"c:\titan-automation\QuoteVaultPro\test-db.js", "JavaScript", 0, 0, 0, 0, 0, 0, 0, -22, 0, 0, 0, 0, 0, 0, 0, 0, -8, -30
"c:\titan-automation\QuoteVaultPro\test-formula-templates.js", "JavaScript", 0, 0, 0, 0, 0, 0, 0, -21, 0, 0, 0, 0, 0, 0, 0, 0, -6, -27
"c:\titan-automation\QuoteVaultPro\test-nesting-24x36.js", "JavaScript", 0, 0, 0, 0, 0, 0, 0, -91, 0, 0, 0, 0, 0, 0, 0, -8, -12, -111
"c:\titan-automation\QuoteVaultPro\test-orders-schema.ts", "TypeScript", -54, 0, 0, 0, 0, 0, 0, 0, 0, 0, 0, 0, 0, 0, 0, -3, -14, -71
"c:\titan-automation\QuoteVaultPro\test-pending-approval-transition.ts", "TypeScript", -89, 0, 0, 0, 0, 0, 0, 0, 0, 0, 0, 0, 0, 0, 0, -8, -21, -118
"c:\titan-automation\QuoteVaultPro\test-production-api.ts", "TypeScript", -33, 0, 0, 0, 0, 0, 0, 0, 0, 0, 0, 0, 0, 0, 0, -4, -7, -44
"c:\titan-automation\QuoteVaultPro\test-server.ts", "TypeScript", -26, 0, 0, 0, 0, 0, 0, 0, 0, 0, 0, 0, 0, 0, 0, 0, -9, -35
"c:\titan-automation\QuoteVaultPro\test-tenant-isolation.ts", "TypeScript", -221, 0, 0, 0, 0, 0, 0, 0, 0, 0, 0, 0, 0, 0, 0, -34, -44, -299
"c:\titan-automation\QuoteVaultPro\test-titanos-phase2.ts", "TypeScript", -157, 0, 0, 0, 0, 0, 0, 0, 0, 0, 0, 0, 0, 0, 0, -24, -33, -214
"c:\titan-automation\QuoteVaultPro\test-tsx.ts", "TypeScript", -3, 0, 0, 0, 0, 0, 0, 0, 0, 0, 0, 0, 0, 0, 0, 0, -2, -5
"c:\titan-automation\QuoteVaultPro\tests\csv.test.ts", "TypeScript", -28, 0, 0, 0, 0, 0, 0, 0, 0, 0, 0, 0, 0, 0, 0, 0, -5, -33
"c:\titan-automation\QuoteVaultPro\tsconfig.json", "JSON with Comments", 0, 0, 0, 0, 0, 0, 0, 0, 0, 0, -23, 0, 0, 0, 0, 0, -1, -24
"c:\titan-automation\QuoteVaultPro\update-order-transition-prefs.ts", "TypeScript", -93, 0, 0, 0, 0, 0, 0, 0, 0, 0, 0, 0, 0, 0, 0, -19, -23, -135
"c:\titan-automation\QuoteVaultPro\vercel.json", "JSON", 0, 0, -16, 0, 0, 0, 0, 0, 0, 0, 0, 0, 0, 0, 0, 0, -1, -17
"c:\titan-automation\QuoteVaultPro\verify-enum-migration.ts", "TypeScript", -30, 0, 0, 0, 0, 0, 0, 0, 0, 0, 0, 0, 0, 0, 0, -2, -8, -40
"c:\titan-automation\QuoteVaultPro\verify-snapshot-migration.ts", "TypeScript", -36, 0, 0, 0, 0, 0, 0, 0, 0, 0, 0, 0, 0, 0, 0, 0, -7, -43
"c:\titan-automation\QuoteVaultPro\verify-user-role.ts", "TypeScript", -22, 0, 0, 0, 0, 0, 0, 0, 0, 0, 0, 0, 0, 0, 0, -2, -9, -33
"c:\titan-automation\QuoteVaultPro\vite.config.ts", "TypeScript", -40, 0, 0, 0, 0, 0, 0, 0, 0, 0, 0, 0, 0, 0, 0, 0, -2, -42
"Total", "-", -50240, 30440, -18990, -4, 79, -145, -24005, -814, -197, -142, -23, -4, -32, -3939, -19, -5378, -12996, -86409